match_id,season,round_number,match_time,home_team,away_team,venue,home_score,away_score,home_win,home_team_id,away_team_id,is_final,home_elo_pre,away_elo_pre,elo_diff,home_win_rate_l3,home_win_rate_l5,home_win_rate_l10,home_avg_pts_for_l10,home_avg_pts_against_l10,home_momentum,away_win_rate_l3,away_win_rate_l5,away_win_rate_l10,away_avg_pts_for_l10,away_avg_pts_against_l10,away_momentum,h2h_home_win_rate_l5,h2h_avg_margin_l5,h2h_games_played,home_rest_days,away_rest_days,home_interstate_travel,away_interstate_travel,home_travel_km,away_travel_km,travel_km_diff,is_neutral_venue,home_venue_win_rate,away_venue_win_rate,venue_home_advantage,bm_home_odds,bm_away_odds,bm_home_implied_prob,bm_away_implied_prob,bm_overround,bm_home_odds_open,bm_away_odds_open,bm_home_odds_drift,bm_away_odds_drift,bm_line_move,home_availability_index,away_availability_index,home_key_players_absent,away_key_players_absent,availability_diff,weather_is_raining,weather_is_high_wind,weather_is_extreme_heat,weather_scoring_index
1612,2023,1,2023-03-17 08:40:00,Geelong,Collingwood,M.C.G.,103.0,125.0,0.0,7,4,False,1679.19,1566.07,113.11,1.0,1.0,1.0,106.7,62.1,0.0,0.3333,0.4,0.7,81.3,79.7,-0.3667,0.4,2.6,6,174.0,181.0,0,0,0.0,0.0,0.0,1,0.6122,0.514,0.0982,1.596,2.678,0.6266,0.3734,1.0,1.596,2.678,0.0,0.0,unknown,1.0,1.0,0,0,0.0,0,0,0,1.0
1613,2023,1,2023-03-18 02:45:00,North Melbourne,West Coast,Docklands,87.0,82.0,1.0,12,17,False,1320.59,1346.67,-26.08,0.0,0.0,0.1,66.6,111.5,-0.1,0.0,0.0,0.1,73.8,102.5,-0.1,0.6,1.4,5,209.0,209.0,0,1,0.0,2720.0,2720.0,0,0.3662,0.4667,-0.1005,1.977,2.023,0.5057,0.4943,1.0,1.977,2.023,0.0,0.0,unknown,1.0,1.0,0,0,0.0,0,0,0,1.0
1614,2023,1,2023-03-18 05:35:00,Port Adelaide,Brisbane Lions,Adelaide Oval,126.0,72.0,1.0,13,2,False,1526.34,1584.32,-57.98,0.6667,0.4,0.5,92.3,78.1,0.1667,0.6667,0.6,0.6,89.5,92.1,0.0667,0.75,18.5,4,209.0,182.0,0,1,0.0,1600.0,1600.0,0,0.5895,0.3333,0.2562,2.055,1.948,0.4867,0.5133,1.0,2.055,1.948,0.0,0.0,unknown,1.0,1.0,0,0,0.0,0,0,0,1.0
1615,2023,1,2023-03-18 08:25:00,Melbourne,Western Bulldogs,M.C.G.,115.0,65.0,1.0,11,18,False,1586.95,1538.54,48.41,0.3333,0.4,0.5,85.6,78.4,-0.1667,0.6667,0.4,0.5,80.6,85.0,0.1667,0.6,19.6,6,189.0,195.0,0,0,0.0,0.0,0.0,0,0.4944,0.5556,-0.0612,1.785,2.274,0.5602,0.4398,1.0,1.785,2.274,0.0,0.0,unknown,1.0,1.0,0,0,0.0,0,0,0,1.0
1616,2023,1,2023-03-18 09:00:00,Gold Coast,Sydney,Carrara,61.0,110.0,0.0,8,16,False,1448.85,1607.85,-158.99,0.3333,0.4,0.4,85.4,87.8,-0.0667,0.6667,0.8,0.9,96.1,76.4,-0.2333,0.3333,-16.67,3,210.0,175.0,0,1,0.0,980.0,980.0,0,0.3378,0.5,-0.1622,2.408,1.71,0.4153,0.5847,1.0,2.408,1.71,0.0,0.0,unknown,1.0,1.0,0,0,0.0,0,0,0,1.0
1617,2023,1,2023-03-19 02:10:00,Greater Western Sydney,Adelaide,Sydney Showground,106.0,90.0,1.0,9,1,False,1437.11,1417.86,19.25,0.3333,0.2,0.2,65.7,86.8,0.1333,0.6667,0.6,0.4,82.2,88.9,0.2667,1.0,19.0,2,210.0,210.0,0,1,0.0,1170.0,1170.0,0,0.7119,,,1.715,2.398,0.583,0.417,1.0,1.715,2.398,0.0,0.0,unknown,1.0,1.0,0,0,0.0,0,0,0,1.0
1618,2023,1,2023-03-19 04:20:00,Hawthorn,Essendon,M.C.G.,65.0,124.0,0.0,10,5,False,1439.03,1445.23,-6.19,0.3333,0.4,0.4,78.8,85.1,-0.0667,0.0,0.2,0.5,89.8,93.9,-0.5,0.5,3.25,4,210.0,210.0,0,0,0.0,0.0,0.0,0,0.5,0.3774,0.1226,2.254,1.797,0.4436,0.5564,1.0,2.254,1.797,0.0,0.0,unknown,1.0,1.0,0,0,0.0,0,0,0,1.0
1619,2023,1,2023-03-19 05:40:00,St Kilda,Fremantle,Docklands,67.0,52.0,1.0,15,6,False,1491.13,1555.12,-63.99,0.0,0.4,0.3,69.3,86.7,-0.3,0.6667,0.8,0.6,75.3,71.3,0.0667,0.6,3.4,5,209.0,189.0,0,1,0.0,2720.0,2720.0,0,0.45,0.4211,0.0289,3.086,1.479,0.324,0.676,1.0,3.086,1.479,0.0,0.0,unknown,1.0,1.0,0,0,0.0,0,0,0,1.0
1620,2023,2,2023-03-23 08:20:00,Carlton,Geelong,M.C.G.,90.0,82.0,1.0,3,7,False,1477.36,1658.15,-180.8,0.0,0.0,0.3,76.2,74.5,-0.3,0.6667,0.8,0.9,107.9,68.3,-0.2333,0.25,-25.5,4,7.0,5.0,0,0,0.0,0.0,0.0,0,0.3175,0.6,-0.2825,2.625,1.615,0.3809,0.6191,1.0,2.625,1.615,0.0,0.0,unknown,1.0,1.0,0,0,0.0,0,0,0,1.0
1621,2023,2,2023-03-24 08:55:00,Brisbane Lions,Melbourne,Gabba,93.0,82.0,1.0,2,11,False,1567.95,1598.53,-30.58,0.3333,0.4,0.6,87.7,94.7,-0.2667,0.3333,0.6,0.5,87.7,78.4,-0.1667,0.3333,-17.0,3,6.0,6.0,0,1,0.0,1730.0,1730.0,0,0.5385,0.7143,-0.1758,2.192,1.839,0.4562,0.5438,1.0,2.192,1.839,0.0,0.0,unknown,1.0,1.0,0,0,0.0,0,0,0,1.0
1622,2023,2,2023-03-25 02:45:00,Collingwood,Port Adelaide,M.C.G.,135.0,64.0,1.0,4,13,False,1587.11,1542.71,44.4,0.6667,0.6,0.7,85.0,81.9,-0.0333,1.0,0.6,0.5,96.7,79.4,0.5,0.6,15.8,7,7.0,6.0,0,1,0.0,730.0,730.0,0,0.5185,0.5,0.0185,1.586,2.706,0.6305,0.3695,1.0,1.586,2.706,0.0,0.0,unknown,1.0,1.0,0,0,0.0,0,0,0,1.0
1623,2023,2,2023-03-25 05:35:00,Adelaide,Richmond,Adelaide Oval,76.0,108.0,0.0,1,14,False,1405.01,1531.81,-126.81,0.3333,0.6,0.4,83.9,87.9,-0.0667,0.3333,0.6,0.5,100.4,80.5,-0.1667,0.6,-0.8,7,6.0,8.0,0,1,0.0,730.0,730.0,0,0.5789,0.4,0.1789,2.578,1.634,0.3879,0.6121,1.0,2.578,1.634,0.0,0.0,unknown,1.0,1.0,0,0,0.0,0,0,0,1.0
1624,2023,2,2023-03-25 08:25:00,Western Bulldogs,St Kilda,Docklands,41.0,92.0,0.0,18,15,False,1526.95,1507.77,19.18,0.3333,0.4,0.4,74.6,88.2,-0.0667,0.3333,0.4,0.4,68.8,81.2,-0.0667,0.6,31.4,5,7.0,6.0,0,0,0.0,0.0,0.0,0,0.6711,0.4568,0.2143,1.514,2.947,0.6607,0.3393,1.0,1.514,2.947,0.0,0.0,unknown,1.0,1.0,0,0,0.0,0,0,0,1.0
1625,2023,2,2023-03-25 08:30:00,Fremantle,North Melbourne,Perth Stadium,72.0,73.0,0.0,6,12,False,1538.48,1335.49,202.99,0.3333,0.6,0.5,70.6,68.9,-0.1667,0.3333,0.2,0.2,70.0,109.5,0.1333,0.8,37.6,6,6.0,7.0,0,1,0.0,2720.0,2720.0,0,0.6047,0.2,0.4047,1.159,7.299,0.863,0.137,1.0,1.159,7.299,0.0,0.0,unknown,1.0,1.0,0,0,0.0,0,0,0,1.0
1626,2023,2,2023-03-26 02:10:00,Sydney,Hawthorn,S.C.G.,118.0,37.0,1.0,16,10,False,1618.99,1421.03,197.96,0.6667,0.8,0.9,95.1,75.8,-0.2333,0.0,0.2,0.4,77.1,88.0,-0.4,0.4,-5.4,7,7.0,6.0,0,1,0.0,870.0,870.0,0,0.6456,0.5714,0.0742,1.103,10.741,0.9069,0.0931,1.0,1.103,10.741,0.0,0.0,unknown,1.0,1.0,0,0,0.0,0,0,0,1.0
1627,2023,2,2023-03-26 04:20:00,Essendon,Gold Coast,Docklands,108.0,80.0,1.0,5,8,False,1463.23,1437.71,25.52,0.3333,0.4,0.5,91.5,93.2,-0.1667,0.3333,0.4,0.3,79.9,91.5,0.0333,1.0,27.0,2,7.0,7.0,0,1,0.0,1730.0,1730.0,0,0.4902,0.3125,0.1777,1.575,2.74,0.635,0.365,1.0,1.575,2.74,0.0,0.0,unknown,1.0,1.0,0,0,0.0,0,0,0,1.0
1628,2023,2,2023-03-26 07:20:00,West Coast,Greater Western Sydney,Perth Stadium,100.0,81.0,1.0,17,9,False,1331.77,1449.96,-118.2,0.0,0.0,0.1,75.7,103.1,-0.1,0.3333,0.4,0.3,65.8,83.3,0.0333,0.8,30.8,5,8.0,7.0,0,0,0.0,0.0,0.0,0,0.5745,0.1429,0.4316,2.048,1.954,0.4882,0.5118,1.0,2.048,1.954,0.0,0.0,unknown,1.0,1.0,0,0,0.0,0,0,0,1.0
1629,2023,3,2023-03-30 08:20:00,Western Bulldogs,Brisbane Lions,Docklands,67.0,53.0,1.0,18,2,False,1507.81,1583.06,-75.25,0.0,0.4,0.4,72.0,86.6,-0.4,0.3333,0.6,0.6,87.1,97.0,-0.2667,1.0,26.8,6,4.0,5.0,0,1,0.0,1730.0,1730.0,0,0.6623,0.35,0.3123,2.487,1.673,0.4021,0.5979,1.0,2.487,1.673,0.0,0.0,unknown,1.0,1.0,0,0,0.0,0,0,0,1.0
1630,2023,3,2023-03-31 08:50:00,Collingwood,Richmond,M.C.G.,63.0,49.0,1.0,4,14,False,1598.86,1544.33,54.53,0.6667,0.6,0.7,89.4,79.7,-0.0333,0.3333,0.6,0.5,98.4,78.8,-0.1667,0.2,-33.0,5,6.0,6.0,0,0,0.0,0.0,0.0,0,0.5229,0.7019,-0.179,1.449,3.228,0.6902,0.3098,1.0,1.449,3.228,0.0,0.0,unknown,1.0,1.0,0,0,0.0,0,0,0,1.0
1631,2023,3,2023-04-01 02:45:00,Hawthorn,North Melbourne,York Park,80.0,61.0,1.0,10,12,False,1414.83,1361.44,53.4,0.0,0.2,0.4,72.5,87.3,-0.4,0.6667,0.4,0.3,71.5,105.2,0.3667,0.8,12.0,6,6.0,6.0,1,1,310.0,310.0,0.0,1,0.6667,,,2.435,1.697,0.4106,0.5894,1.0,2.435,1.697,0.0,0.0,unknown,1.0,1.0,0,0,0.0,0,0,0,1.0
1632,2023,3,2023-04-01 05:35:00,Greater Western Sydney,Carlton,Sydney Showground,64.0,74.0,0.0,9,3,False,1430.86,1499.11,-68.25,0.3333,0.4,0.3,66.2,84.5,0.0333,0.3333,0.2,0.3,77.1,77.7,0.0333,0.8,34.0,6,5.0,8.0,0,1,0.0,870.0,870.0,0,0.7167,0.2,0.5167,2.581,1.633,0.3875,0.6125,1.0,2.581,1.633,0.0,0.0,unknown,1.0,1.0,0,0,0.0,0,0,0,1.0
1633,2023,3,2023-04-01 08:25:00,St Kilda,Essendon,M.C.G.,92.0,74.0,1.0,15,5,False,1526.92,1475.81,51.11,0.6667,0.4,0.5,74.8,77.0,0.1667,0.6667,0.4,0.6,92.6,90.5,0.0667,0.4,-3.4,5,7.0,6.0,0,0,0.0,0.0,0.0,1,0.5294,0.3889,0.1405,1.93,2.076,0.5182,0.4818,1.0,1.93,2.076,0.0,0.0,unknown,1.0,1.0,0,0,0.0,0,0,0,1.0
1634,2023,3,2023-04-01 08:30:00,Port Adelaide,Adelaide,Adelaide Oval,86.0,117.0,0.0,13,1,False,1530.95,1392.49,138.47,0.6667,0.6,0.4,93.8,83.8,0.2667,0.0,0.4,0.3,80.0,92.9,-0.3,0.8,33.0,8,7.0,7.0,0,0,0.0,0.0,0.0,0,0.5938,0.5729,0.0209,1.383,3.613,0.7232,0.2768,1.0,1.383,3.613,0.0,0.0,unknown,1.0,1.0,0,0,0.0,0,0,0,1.0
1635,2023,3,2023-04-02 04:10:00,Gold Coast,Geelong,Carrara,73.0,54.0,1.0,8,7,False,1425.14,1636.4,-211.26,0.3333,0.2,0.3,78.8,93.0,0.0333,0.3333,0.6,0.8,107.6,71.8,-0.4667,0.25,-36.75,4,6.0,9.0,0,1,0.0,1730.0,1730.0,0,0.3333,0.75,-0.4167,3.337,1.428,0.2997,0.7003,1.0,3.337,1.428,0.0,0.0,unknown,1.0,1.0,0,0,0.0,0,0,0,1.0
1636,2023,3,2023-04-02 05:20:00,Melbourne,Sydney,M.C.G.,134.0,84.0,1.0,11,16,False,1583.42,1625.18,-41.75,0.3333,0.4,0.5,89.6,78.6,-0.1667,0.6667,0.8,0.9,98.7,73.0,-0.2333,0.2,-17.4,7,8.0,7.0,0,1,0.0,870.0,870.0,0,0.5,0.5909,-0.0909,1.807,2.239,0.5534,0.4466,1.0,1.807,2.239,0.0,0.0,unknown,1.0,1.0,0,0,0.0,0,0,0,1.0
1637,2023,3,2023-04-02 07:20:00,Fremantle,West Coast,Perth Stadium,108.0,67.0,1.0,6,17,False,1512.52,1350.87,161.66,0.0,0.4,0.4,66.7,69.2,-0.4,0.3333,0.2,0.1,75.0,101.5,0.2333,0.4,-18.0,8,7.0,7.0,0,0,0.0,0.0,0.0,0,0.5909,0.5833,0.0076,1.45,3.222,0.6896,0.3104,1.0,1.45,3.222,0.0,0.0,unknown,1.0,1.0,0,0,0.0,0,0,0,1.0
1638,2023,4,2023-04-06 09:35:00,Brisbane Lions,Collingwood,Gabba,116.0,83.0,1.0,2,4,False,1565.9,1610.19,-44.29,0.3333,0.4,0.5,81.4,94.4,-0.1667,1.0,0.8,0.7,87.7,77.0,0.3,0.6,6.2,7,7.0,6.0,0,1,0.0,1730.0,1730.0,0,0.5435,0.5714,-0.0279,2.032,1.969,0.4922,0.5078,1.0,2.032,1.969,0.0,0.0,unknown,1.0,1.0,0,0,0.0,0,0,0,1.0
1639,2023,4,2023-04-07 06:20:00,North Melbourne,Carlton,Docklands,84.0,107.0,0.0,12,3,False,1347.88,1514.27,-166.39,0.6667,0.4,0.3,74.4,98.8,0.3667,0.6667,0.4,0.4,76.7,74.8,0.2667,0.6667,48.67,3,6.0,6.0,0,0,0.0,0.0,0.0,0,0.375,0.3333,0.0417,5.482,1.223,0.1824,0.8176,1.0,5.482,1.223,0.0,0.0,unknown,1.0,1.0,0,0,0.0,0,0,0,1.0
1640,2023,4,2023-04-08 03:45:00,Adelaide,Fremantle,Adelaide Oval,111.0,72.0,1.0,1,6,False,1416.4,1519.83,-103.42,0.3333,0.4,0.4,85.2,92.1,-0.0667,0.3333,0.4,0.5,71.0,67.7,-0.1667,0.4,16.8,7,6.0,5.0,0,1,0.0,2130.0,2130.0,0,0.5773,0.2727,0.3046,1.684,2.462,0.5938,0.4062,1.0,1.684,2.462,0.0,0.0,unknown,1.0,1.0,0,0,0.0,0,0,0,1.0
1641,2023,4,2023-04-08 06:35:00,Richmond,Western Bulldogs,M.C.G.,84.0,89.0,0.0,14,18,False,1533.01,1524.97,8.04,0.3333,0.4,0.5,94.1,75.7,-0.1667,0.3333,0.4,0.5,72.0,79.9,-0.1667,0.75,11.0,4,7.0,8.0,0,0,0.0,0.0,0.0,0,0.6952,0.5263,0.1689,1.628,2.593,0.6144,0.3856,1.0,1.628,2.593,0.0,0.0,unknown,1.0,1.0,0,0,0.0,0,0,0,1.0
1642,2023,4,2023-04-08 09:30:00,St Kilda,Gold Coast,Docklands,113.0,60.0,1.0,15,8,False,1540.58,1448.07,92.51,1.0,0.6,0.5,74.7,76.6,0.5,0.3333,0.4,0.4,79.9,91.7,-0.0667,1.0,19.33,3,7.0,6.0,0,1,0.0,1730.0,1730.0,0,0.4634,0.2941,0.1693,1.477,3.095,0.6769,0.3231,1.0,1.477,3.095,0.0,0.0,unknown,1.0,1.0,0,0,0.0,0,0,0,1.0
1643,2023,4,2023-04-08 09:30:00,Sydney,Port Adelaide,S.C.G.,64.0,66.0,0.0,16,13,False,1609.56,1507.03,102.52,0.6667,0.6,0.8,95.3,77.9,-0.1333,0.3333,0.6,0.4,93.3,85.6,-0.0667,0.5,6.5,4,6.0,7.0,0,1,0.0,1170.0,1170.0,0,0.65,,,1.369,3.711,0.7305,0.2695,1.0,1.369,3.711,0.0,0.0,unknown,1.0,1.0,0,0,0.0,0,0,0,1.0
1644,2023,4,2023-04-09 04:10:00,Essendon,Greater Western Sydney,Docklands,88.0,75.0,1.0,5,9,False,1462.15,1415.7,46.44,0.6667,0.4,0.5,90.5,91.1,0.1667,0.3333,0.2,0.2,65.4,86.9,0.1333,0.25,-9.5,4,7.0,7.0,0,0,0.0,0.0,0.0,0,0.5,0.5,0.0,1.529,2.892,0.6542,0.3458,1.0,1.529,2.892,0.0,0.0,unknown,1.0,1.0,0,0,0.0,0,0,0,1.0
1645,2023,4,2023-04-09 07:20:00,West Coast,Melbourne,Perth Stadium,63.0,126.0,0.0,17,11,False,1343.56,1599.04,-255.48,0.3333,0.2,0.1,72.4,99.5,0.2333,0.6667,0.4,0.5,94.7,80.1,0.1667,0.6,5.2,8,7.0,7.0,0,1,0.0,2720.0,2720.0,0,0.5714,0.625,-0.0536,11.792,1.093,0.0848,0.9152,1.0,11.792,1.093,0.0,0.0,unknown,1.0,1.0,0,0,0.0,0,0,0,1.0
1646,2023,4,2023-04-10 05:20:00,Geelong,Hawthorn,M.C.G.,127.0,45.0,1.0,7,10,False,1613.46,1428.39,185.07,0.0,0.4,0.7,102.4,69.7,-0.7,0.3333,0.2,0.5,75.5,86.2,-0.1667,0.6,8.8,8,8.0,9.0,0,0,0.0,0.0,0.0,1,0.5882,0.4933,0.0949,1.173,6.775,0.8524,0.1476,1.0,1.173,6.775,0.0,0.0,unknown,1.0,1.0,0,0,0.0,0,0,0,1.0
1647,2023,5,2023-04-13 09:40:00,Adelaide,Carlton,Adelaide Oval,118.0,62.0,1.0,1,3,False,1434.84,1525.1,-90.26,0.6667,0.4,0.5,90.9,90.7,0.1667,1.0,0.6,0.4,75.8,77.9,0.6,1.0,42.0,2,5.0,6.0,0,1,0.0,730.0,730.0,0,0.5816,0.0,0.5816,2.1,1.909,0.4761,0.5239,1.0,2.1,1.909,0.0,0.0,unknown,1.0,1.0,0,0,0.0,0,0,0,1.0
1648,2023,5,2023-04-14 07:10:00,Fremantle,Gold Coast,Norwood Oval,100.0,90.0,1.0,6,8,False,1501.39,1438.29,63.1,0.3333,0.2,0.5,73.0,73.6,-0.1667,0.3333,0.4,0.3,76.5,93.8,0.0333,0.6667,8.0,3,6.0,5.0,1,1,2130.0,1600.0,-530.0,1,,,,1.682,2.467,0.5947,0.4053,1.0,1.682,2.467,0.0,0.0,unknown,1.0,1.0,0,0,0.0,0,0,0,1.0
1649,2023,5,2023-04-14 10:10:00,Richmond,Sydney,Adelaide Oval,78.0,122.0,0.0,14,16,False,1514.36,1586.95,-72.59,0.3333,0.2,0.5,93.7,75.4,-0.1667,0.3333,0.4,0.7,90.5,80.6,-0.3667,0.6,0.4,6,6.0,6.0,1,1,730.0,1170.0,440.0,1,0.4375,0.375,0.0625,2.382,1.724,0.4199,0.5801,1.0,2.382,1.724,0.0,0.0,unknown,1.0,1.0,0,0,0.0,0,0,0,1.0
1650,2023,5,2023-04-15 03:10:00,Brisbane Lions,North Melbourne,Adelaide Hills,152.0,77.0,1.0,2,12,False,1581.64,1337.05,244.59,0.6667,0.4,0.6,83.3,92.3,0.0667,0.3333,0.4,0.3,74.7,100.7,0.0333,0.4,6.4,6,8.0,7.0,0,0,0.0,0.0,0.0,1,,,,1.222,5.513,0.8186,0.1814,1.0,1.222,5.513,0.0,0.0,unknown,1.0,1.0,0,0,0.0,0,0,0,1.0
1651,2023,5,2023-04-15 06:10:00,Essendon,Melbourne,Adelaide Oval,104.0,77.0,1.0,5,11,False,1473.81,1606.55,-132.74,0.6667,0.6,0.5,89.3,89.6,0.1667,0.6667,0.6,0.6,97.3,75.4,0.0667,0.2,-18.2,6,6.0,5.0,1,1,730.0,730.0,0.0,1,0.4,0.75,-0.35,3.489,1.402,0.2866,0.7134,1.0,3.489,1.402,0.0,0.0,unknown,1.0,1.0,0,0,0.0,0,0,0,1.0
1652,2023,5,2023-04-15 09:50:00,Port Adelaide,Western Bulldogs,Adelaide Oval,70.0,56.0,1.0,13,18,False,1529.64,1543.62,-13.98,0.3333,0.6,0.4,91.5,89.1,-0.0667,0.6667,0.4,0.5,72.5,82.7,0.1667,0.4,-17.0,8,7.0,7.0,0,1,0.0,730.0,730.0,0,0.5876,0.4545,0.1331,1.513,2.951,0.6611,0.3389,1.0,1.513,2.951,0.0,0.0,unknown,1.0,1.0,0,0,0.0,0,0,0,1.0
1653,2023,5,2023-04-16 03:10:00,Geelong,West Coast,Adelaide Oval,136.0,89.0,1.0,7,17,False,1621.66,1336.06,285.61,0.3333,0.4,0.7,105.7,67.6,-0.3667,0.3333,0.2,0.1,73.4,100.5,0.2333,1.0,60.8,5,5.0,6.0,1,1,730.0,2130.0,1400.0,1,0.5333,0.6667,-0.1334,1.07,15.385,0.935,0.065,1.0,1.07,15.385,0.0,0.0,unknown,1.0,1.0,0,0,0.0,0,0,0,1.0
1654,2023,5,2023-04-16 05:20:00,Greater Western Sydney,Hawthorn,Norwood Oval,77.0,75.0,1.0,9,10,False,1404.03,1420.19,-16.16,0.0,0.2,0.2,70.0,87.3,-0.2,0.3333,0.2,0.4,71.4,93.5,-0.0667,0.6,-1.4,7,7.0,6.0,0,1,0.0,730.0,730.0,1,,,,1.468,3.135,0.681,0.319,1.0,1.468,3.135,0.0,0.0,unknown,1.0,1.0,0,0,0.0,0,0,0,1.0
1655,2023,5,2023-04-16 06:50:00,Collingwood,St Kilda,Adelaide Oval,70.0,64.0,1.0,4,15,False,1594.45,1550.36,44.09,0.6667,0.6,0.6,87.2,80.4,0.0667,1.0,0.8,0.6,79.0,71.5,0.4,0.6,27.2,5,9.0,7.0,1,1,730.0,730.0,0.0,1,0.625,0.25,0.375,1.563,2.775,0.6397,0.3603,1.0,1.563,2.775,0.0,0.0,unknown,1.0,1.0,0,0,0.0,0,0,0,1.0
1656,2023,6,2023-04-21 10:10:00,Fremantle,Western Bulldogs,Perth Stadium,69.0,118.0,0.0,6,18,False,1514.51,1529.27,-14.76,0.6667,0.4,0.6,79.1,74.1,0.0667,0.6667,0.4,0.4,67.1,79.7,0.2667,0.6,5.6,7,7.0,6.0,0,1,0.0,2720.0,2720.0,0,0.6,0.4286,0.1714,1.858,2.165,0.5381,0.4619,1.0,1.858,2.165,0.0,0.0,unknown,1.0,1.0,0,0,0.0,0,0,0,1.0
1657,2023,6,2023-04-22 03:45:00,Port Adelaide,West Coast,Adelaide Oval,109.0,69.0,1.0,13,17,False,1543.99,1330.88,213.11,0.6667,0.6,0.5,91.6,86.4,0.1667,0.0,0.2,0.1,74.6,103.9,-0.1,0.4,23.2,7,6.0,6.0,0,1,0.0,2130.0,2130.0,0,0.5918,0.6154,-0.0236,1.076,14.225,0.9297,0.0703,1.0,1.076,14.225,0.0,0.0,unknown,1.0,1.0,0,0,0.0,0,0,0,1.0
1658,2023,6,2023-04-22 06:35:00,Greater Western Sydney,Brisbane Lions,Manuka Oval,87.0,108.0,0.0,9,2,False,1420.78,1587.92,-167.15,0.3333,0.4,0.3,71.8,84.9,0.0333,0.6667,0.6,0.6,87.1,91.9,0.0667,0.4,-3.2,5,6.0,7.0,0,1,0.0,1250.0,1250.0,1,0.3333,,,3.493,1.401,0.2863,0.7137,1.0,3.493,1.401,0.0,0.0,unknown,1.0,1.0,0,0,0.0,0,0,0,1.0
1659,2023,6,2023-04-22 09:25:00,Geelong,Sydney,Kardinia Park,130.0,37.0,1.0,7,16,False,1626.85,1599.66,27.19,0.6667,0.4,0.7,108.3,70.0,-0.0333,0.3333,0.6,0.7,90.1,79.6,-0.3667,0.6,19.8,8,6.0,7.0,0,1,0.0,870.0,870.0,0,0.8421,,,1.438,3.285,0.6956,0.3044,1.0,1.438,3.285,0.0,0.0,unknown,1.0,1.0,0,0,0.0,0,0,0,1.0
1660,2023,6,2023-04-23 03:10:00,Hawthorn,Adelaide,York Park,76.0,79.0,0.0,10,1,False,1403.45,1452.69,-49.24,0.3333,0.2,0.3,68.7,93.5,0.0333,1.0,0.6,0.6,94.1,87.8,0.4,0.6,6.4,7,6.0,9.0,1,1,310.0,1020.0,710.0,1,0.6842,,,3.992,1.334,0.2505,0.7495,1.0,3.992,1.334,0.0,0.0,unknown,1.0,1.0,0,0,0.0,0,0,0,1.0
1661,2023,6,2023-04-23 05:20:00,Carlton,St Kilda,Docklands,60.0,82.0,0.0,3,15,False,1507.26,1536.38,-29.13,0.6667,0.6,0.4,76.5,81.2,0.2667,0.6667,0.8,0.6,79.8,70.1,0.0667,0.25,-23.5,4,9.0,6.0,0,0,0.0,0.0,0.0,0,0.3478,0.4699,-0.1221,2.153,1.867,0.4645,0.5355,1.0,2.153,1.867,0.0,0.0,unknown,1.0,1.0,0,0,0.0,0,0,0,1.0
1662,2023,6,2023-04-23 06:40:00,Gold Coast,North Melbourne,Carrara,97.0,54.0,1.0,8,12,False,1425.17,1330.76,94.41,0.3333,0.2,0.3,80.0,93.5,0.0333,0.0,0.4,0.2,73.2,107.1,-0.2,0.8,34.6,8,8.0,8.0,0,1,0.0,1730.0,1730.0,0,0.3421,0.2143,0.1278,1.236,5.244,0.8093,0.1907,1.0,1.236,5.244,0.0,0.0,unknown,1.0,1.0,0,0,0.0,0,0,0,1.0
1663,2023,6,2023-04-24 09:25:00,Melbourne,Richmond,M.C.G.,96.0,78.0,1.0,11,14,False,1584.72,1501.65,83.07,0.6667,0.6,0.5,96.5,81.9,0.1667,0.0,0.2,0.5,96.3,82.4,-0.5,0.4,-7.8,5,9.0,9.0,0,0,0.0,0.0,0.0,0,0.5055,0.6887,-0.1832,1.302,4.307,0.7678,0.2322,1.0,1.302,4.307,0.0,0.0,unknown,1.0,1.0,0,0,0.0,0,0,0,1.0
1664,2023,6,2023-04-25 05:20:00,Collingwood,Essendon,M.C.G.,90.0,77.0,1.0,4,5,False,1608.43,1495.65,112.79,0.6667,0.8,0.6,84.6,77.9,0.0667,0.6667,0.8,0.5,89.4,91.8,0.1667,0.6,5.0,8,8.0,9.0,0,0,0.0,0.0,0.0,0,0.5273,0.3818,0.1455,1.528,2.893,0.6543,0.3457,1.0,1.528,2.893,0.0,0.0,unknown,1.0,1.0,0,0,0.0,0,0,0,1.0
1665,2023,7,2023-04-28 09:50:00,St Kilda,Port Adelaide,Docklands,76.0,83.0,0.0,15,13,False,1553.34,1549.75,3.59,0.6667,0.8,0.6,79.0,69.9,0.0667,1.0,0.6,0.6,93.1,82.7,0.4,0.0,-28.0,3,5.0,6.0,0,1,0.0,730.0,730.0,0,0.4762,0.75,-0.2738,1.531,2.884,0.6533,0.3467,1.0,1.531,2.884,0.0,0.0,unknown,1.0,1.0,0,0,0.0,0,0,0,1.0
1666,2023,7,2023-04-29 03:45:00,Brisbane Lions,Fremantle,Gabba,115.0,67.0,1.0,2,6,False,1596.77,1496.89,99.88,1.0,0.8,0.6,89.8,94.0,0.4,0.3333,0.4,0.5,76.5,78.1,-0.1667,0.75,2.5,4,6.0,7.0,0,1,0.0,4390.0,4390.0,0,0.5484,,,1.177,6.645,0.8495,0.1505,1.0,1.177,6.645,0.0,0.0,unknown,1.0,1.0,0,0,0.0,0,0,0,1.0
1667,2023,7,2023-04-29 04:10:00,Sydney,Greater Western Sydney,S.C.G.,106.0,107.0,0.0,16,9,False,1587.16,1411.93,175.23,0.3333,0.4,0.6,86.1,87.6,-0.2667,0.3333,0.2,0.3,75.1,86.7,0.0333,0.4,14.0,11,6.0,6.0,0,0,0.0,0.0,0.0,0,0.642,0.5,0.142,1.314,4.189,0.7613,0.2387,1.0,1.314,4.189,0.0,0.0,unknown,1.0,1.0,0,0,0.0,0,0,0,1.0
1668,2023,7,2023-04-29 06:35:00,Western Bulldogs,Hawthorn,Docklands,94.0,65.0,1.0,18,10,False,1546.89,1389.7,157.19,0.6667,0.6,0.5,72.3,77.2,0.1667,0.0,0.2,0.2,64.2,93.9,-0.2,0.3333,-8.0,3,7.0,6.0,0,0,0.0,0.0,0.0,0,0.6667,0.5652,0.1015,1.248,5.025,0.801,0.199,1.0,1.248,5.025,0.0,0.0,unknown,1.0,1.0,0,0,0.0,0,0,0,1.0
1669,2023,7,2023-04-29 09:25:00,Melbourne,North Melbourne,M.C.G.,139.0,49.0,1.0,11,12,False,1594.87,1321.05,273.83,0.6667,0.6,0.6,97.2,80.1,0.0667,0.0,0.2,0.2,71.1,104.7,-0.2,0.5,11.25,4,5.0,6.0,0,0,0.0,0.0,0.0,0,0.5109,0.2727,0.2382,1.07,15.337,0.9348,0.0652,1.0,1.07,15.337,0.0,0.0,unknown,1.0,1.0,0,0,0.0,0,0,0,1.0
1670,2023,7,2023-04-29 09:30:00,West Coast,Carlton,Perth Stadium,44.0,152.0,0.0,17,3,False,1325.11,1490.3,-165.19,0.0,0.2,0.1,75.3,105.8,-0.1,0.3333,0.6,0.3,73.5,84.0,0.0333,0.75,11.25,4,7.0,6.0,0,1,0.0,2720.0,2720.0,0,0.56,0.5,0.06,4.751,1.267,0.2105,0.7895,1.0,4.751,1.267,0.0,0.0,unknown,1.0,1.0,0,0,0.0,0,0,0,1.0
1671,2023,7,2023-04-30 03:10:00,Essendon,Geelong,M.C.G.,104.0,132.0,0.0,5,7,False,1486.64,1639.35,-152.71,0.6667,0.6,0.5,89.5,92.8,0.1667,1.0,0.6,0.7,109.4,67.8,0.3,0.5,-12.0,4,4.0,7.0,0,0,0.0,0.0,0.0,1,0.375,0.5962,-0.2212,2.914,1.523,0.3432,0.6568,1.0,2.914,1.523,0.0,0.0,unknown,1.0,1.0,0,0,0.0,0,0,0,1.0
1672,2023,7,2023-04-30 05:20:00,Richmond,Gold Coast,Docklands,48.0,72.0,0.0,14,8,False,1491.5,1434.87,56.63,0.0,0.2,0.4,93.7,82.3,-0.4,0.3333,0.4,0.4,80.4,87.9,-0.0667,1.0,40.33,3,5.0,6.0,0,1,0.0,1730.0,1730.0,1,0.4737,0.2778,0.1959,1.479,3.089,0.6763,0.3237,1.0,1.479,3.089,0.0,0.0,unknown,1.0,1.0,0,0,0.0,0,0,0,1.0
1673,2023,7,2023-04-30 06:40:00,Adelaide,Collingwood,Adelaide Oval,58.0,59.0,0.0,1,4,False,1466.44,1617.44,-151.0,1.0,0.8,0.7,93.5,83.6,0.3,0.6667,0.8,0.7,88.6,77.9,-0.0333,0.0,-29.6,6,7.0,5.0,0,1,0.0,730.0,730.0,0,0.5859,0.6667,-0.0808,2.187,1.843,0.4573,0.5427,1.0,2.187,1.843,0.0,0.0,unknown,1.0,1.0,0,0,0.0,0,0,0,1.0
1674,2023,8,2023-05-05 09:50:00,Carlton,Brisbane Lions,Docklands,74.0,100.0,0.0,3,2,False,1501.18,1606.27,-105.09,0.3333,0.6,0.4,83.2,80.0,-0.0667,1.0,0.8,0.7,95.6,89.2,0.3,0.5,6.5,4,6.0,6.0,0,1,0.0,1730.0,1730.0,0,0.3404,0.3333,0.0071,1.853,2.173,0.5398,0.4602,1.0,1.853,2.173,0.0,0.0,unknown,1.0,1.0,0,0,0.0,0,0,0,1.0
1675,2023,8,2023-05-06 03:45:00,Richmond,West Coast,M.C.G.,104.0,58.0,1.0,14,17,False,1472.91,1314.23,158.69,0.0,0.0,0.3,87.6,82.4,-0.3,0.0,0.0,0.1,69.3,110.3,-0.1,0.8,11.8,5,5.0,6.0,0,1,0.0,2720.0,2720.0,0,0.6822,0.4444,0.2378,1.114,9.737,0.8973,0.1027,1.0,1.114,9.737,0.0,0.0,unknown,1.0,1.0,0,0,0.0,0,0,0,1.0
1676,2023,8,2023-05-06 04:10:00,Geelong,Adelaide,Kardinia Park,98.0,72.0,1.0,7,1,False,1648.74,1454.96,193.77,1.0,0.8,0.7,109.5,73.6,0.3,0.6667,0.8,0.6,90.9,84.0,0.0667,1.0,32.0,5,6.0,5.0,0,1,0.0,730.0,730.0,0,0.8462,,,1.232,5.302,0.8114,0.1886,1.0,1.232,5.302,0.0,0.0,unknown,1.0,1.0,0,0,0.0,0,0,0,1.0
1677,2023,8,2023-05-06 06:35:00,Gold Coast,Melbourne,Carrara,85.0,90.0,0.0,8,11,False,1453.46,1599.17,-145.71,0.6667,0.6,0.4,76.9,82.3,0.2667,0.6667,0.8,0.6,103.2,77.6,0.0667,0.0,-50.8,5,6.0,6.0,0,1,0.0,1730.0,1730.0,0,0.3506,0.6667,-0.3161,3.494,1.401,0.2862,0.7138,1.0,3.494,1.401,0.0,0.0,unknown,1.0,1.0,0,0,0.0,0,0,0,1.0
1678,2023,8,2023-05-06 09:30:00,Fremantle,Hawthorn,Perth Stadium,117.0,48.0,1.0,6,10,False,1487.4,1382.25,105.15,0.3333,0.4,0.4,76.1,84.9,-0.0667,0.0,0.2,0.2,64.4,95.8,-0.2,0.6,-13.4,6,7.0,7.0,0,1,0.0,2720.0,2720.0,0,0.587,0.3333,0.2537,1.354,3.824,0.7385,0.2615,1.0,1.354,3.824,0.0,0.0,unknown,1.0,1.0,0,0,0.0,0,0,0,1.0
1679,2023,8,2023-05-06 09:30:00,Greater Western Sydney,Western Bulldogs,Manuka Oval,71.0,86.0,0.0,9,18,False,1437.06,1554.34,-117.28,0.6667,0.4,0.4,81.9,86.1,0.2667,0.6667,0.8,0.6,73.9,74.2,0.0667,0.4,4.0,8,7.0,7.0,0,1,0.0,650.0,650.0,1,0.3077,,,3.131,1.469,0.3194,0.6806,1.0,3.131,1.469,0.0,0.0,unknown,1.0,1.0,0,0,0.0,0,0,0,1.0
1680,2023,8,2023-05-07 03:10:00,Port Adelaide,Essendon,Adelaide Oval,92.0,87.0,1.0,13,5,False,1568.2,1477.25,90.95,1.0,0.8,0.7,93.2,81.5,0.3,0.3333,0.4,0.4,88.5,99.4,-0.0667,0.8,31.8,5,8.0,7.0,0,1,0.0,730.0,730.0,0,0.596,0.4545,0.1415,1.497,3.012,0.668,0.332,1.0,1.497,3.012,0.0,0.0,unknown,1.0,1.0,0,0,0.0,0,0,0,1.0
1681,2023,8,2023-05-07 05:20:00,Collingwood,Sydney,M.C.G.,77.0,48.0,1.0,4,16,False,1628.92,1562.03,66.89,1.0,0.8,0.7,87.0,76.3,0.3,0.3333,0.2,0.5,87.9,90.9,-0.1667,,,1,6.0,8.0,0,1,0.0,870.0,870.0,0,0.5315,0.5652,-0.0337,1.463,3.158,0.6833,0.3167,1.0,1.463,3.158,0.0,0.0,unknown,1.0,1.0,0,0,0.0,0,0,0,1.0
1682,2023,8,2023-05-07 06:40:00,North Melbourne,St Kilda,Docklands,34.0,64.0,0.0,12,15,False,1316.75,1534.89,-218.14,0.0,0.0,0.2,69.4,107.2,-0.2,0.3333,0.6,0.5,79.1,71.9,-0.1667,0.8,19.8,6,7.0,8.0,0,0,0.0,0.0,0.0,0,0.3699,0.4706,-0.1007,6.878,1.17,0.1454,0.8546,1.0,6.878,1.17,0.0,0.0,unknown,1.0,1.0,0,0,0.0,0,0,0,1.0
1683,2023,9,2023-05-12 09:20:00,Richmond,Geelong,M.C.G.,102.0,78.0,1.0,14,7,False,1480.31,1655.05,-174.74,0.3333,0.2,0.3,85.2,81.5,0.0333,1.0,1.0,0.7,111.5,73.6,0.3,0.6,-15.4,7,6.0,6.0,0,0,0.0,0.0,0.0,0,0.6852,0.6038,0.0814,3.101,1.476,0.3225,0.6775,1.0,3.101,1.476,0.0,0.0,unknown,1.0,1.0,0,0,0.0,0,0,0,1.0
1684,2023,9,2023-05-12 10:40:00,West Coast,Gold Coast,Perth Stadium,43.0,113.0,0.0,17,8,False,1306.83,1441.76,-134.93,0.0,0.0,0.1,66.5,110.5,-0.1,0.6667,0.4,0.4,79.1,84.3,0.2667,0.8,35.6,6,6.0,6.0,0,1,0.0,4390.0,4390.0,0,0.549,,,3.671,1.374,0.2724,0.7276,1.0,3.671,1.374,0.0,0.0,unknown,1.0,1.0,0,0,0.0,0,0,0,1.0
1685,2023,9,2023-05-13 03:45:00,Sydney,Fremantle,S.C.G.,86.0,103.0,0.0,16,6,False,1551.22,1496.69,54.52,0.0,0.2,0.4,83.6,91.7,-0.4,0.3333,0.4,0.4,78.9,82.8,-0.0667,1.0,67.67,3,5.0,6.0,0,1,0.0,3940.0,3940.0,0,0.6341,,,1.35,3.857,0.7407,0.2593,1.0,1.35,3.857,0.0,0.0,unknown,1.0,1.0,0,0,0.0,0,0,0,1.0
1686,2023,9,2023-05-13 04:10:00,North Melbourne,Port Adelaide,Bellerive Oval,65.0,135.0,0.0,12,13,False,1307.94,1578.05,-270.1,0.0,0.0,0.2,64.0,101.0,-0.2,1.0,1.0,0.8,95.3,79.3,0.2,0.2,-20.8,7,5.0,6.0,1,1,310.0,1020.0,710.0,1,0.52,,,5.187,1.239,0.1928,0.8072,1.0,5.187,1.239,0.0,0.0,unknown,1.0,1.0,0,0,0.0,0,0,0,1.0
1687,2023,9,2023-05-13 06:35:00,Hawthorn,Melbourne,M.C.G.,49.0,103.0,0.0,10,11,False,1372.96,1610.87,-237.91,0.0,0.0,0.1,62.2,101.2,-0.1,1.0,0.8,0.6,100.7,80.4,0.4,0.4,-8.2,6,6.0,7.0,0,0,0.0,0.0,0.0,0,0.4868,0.5161,-0.0293,8.15,1.14,0.1227,0.8773,1.0,8.15,1.14,0.0,0.0,unknown,1.0,1.0,0,0,0.0,0,0,0,1.0
1688,2023,9,2023-05-13 09:25:00,Brisbane Lions,Essendon,Gabba,87.0,45.0,1.0,2,5,False,1619.75,1467.41,152.34,1.0,1.0,0.7,95.0,86.2,0.3,0.0,0.4,0.4,90.3,99.0,-0.4,0.25,-0.5,4,7.0,6.0,0,1,0.0,1730.0,1730.0,0,0.5532,0.4286,0.1246,1.209,5.78,0.827,0.173,1.0,1.209,5.78,0.0,0.0,unknown,1.0,1.0,0,0,0.0,0,0,0,1.0
1689,2023,9,2023-05-13 09:30:00,Carlton,Western Bulldogs,Docklands,59.0,79.0,0.0,3,18,False,1487.69,1565.13,-77.44,0.3333,0.4,0.4,82.5,78.6,-0.0667,1.0,0.8,0.6,76.3,75.6,0.4,0.2,-4.8,5,7.0,7.0,0,0,0.0,0.0,0.0,0,0.3333,0.6709,-0.3376,1.936,2.068,0.5165,0.4835,1.0,1.936,2.068,0.0,0.0,unknown,1.0,1.0,0,0,0.0,0,0,0,1.0
1690,2023,9,2023-05-14 03:10:00,Adelaide,St Kilda,Adelaide Oval,121.0,69.0,1.0,1,15,False,1448.65,1543.7,-95.06,0.3333,0.6,0.5,87.9,85.2,-0.1667,0.6667,0.6,0.6,79.0,64.3,0.0667,0.6,24.6,6,7.0,6.0,0,1,0.0,730.0,730.0,0,0.58,0.2308,0.3492,1.642,2.557,0.6089,0.3911,1.0,1.642,2.557,0.0,0.0,unknown,1.0,1.0,0,0,0.0,0,0,0,1.0
1691,2023,9,2023-05-14 06:40:00,Collingwood,Greater Western Sydney,M.C.G.,120.0,55.0,1.0,4,9,False,1639.73,1426.26,213.47,1.0,0.8,0.8,87.5,73.3,0.2,0.3333,0.4,0.3,79.4,87.8,0.0333,0.4,-5.8,6,7.0,7.0,0,0,0.0,0.0,0.0,0,0.5357,0.2632,0.2725,1.157,7.364,0.8642,0.1358,1.0,1.157,7.364,0.0,0.0,unknown,1.0,1.0,0,0,0.0,0,0,0,1.0
1692,2023,10,2023-05-19 09:50:00,Port Adelaide,Melbourne,Adelaide Oval,80.0,76.0,1.0,13,11,False,1583.63,1618.97,-35.34,1.0,1.0,0.8,94.2,79.6,0.2,1.0,0.8,0.7,104.1,76.2,0.3,0.25,-23.25,4,6.0,6.0,0,1,0.0,730.0,730.0,0,0.6,0.6923,-0.0923,2.379,1.725,0.4204,0.5796,1.0,2.379,1.725,0.0,0.0,unknown,1.0,1.0,0,0,0.0,0,0,0,1.0
1693,2023,10,2023-05-20 03:45:00,North Melbourne,Sydney,Docklands,90.0,93.0,0.0,12,16,False,1302.36,1530.54,-228.18,0.0,0.0,0.2,63.1,104.2,-0.2,0.0,0.2,0.3,82.7,92.6,-0.3,0.0,-14.8,8,6.0,7.0,0,1,0.0,870.0,870.0,0,0.3649,0.7143,-0.3494,6.112,1.196,0.1636,0.8364,1.0,6.112,1.196,0.0,0.0,unknown,1.0,1.0,0,0,0.0,0,0,0,1.0
1694,2023,10,2023-05-20 04:10:00,Western Bulldogs,Adelaide,Eureka Stadium,85.0,40.0,1.0,18,1,False,1579.87,1466.71,113.16,1.0,0.8,0.6,75.5,75.1,0.4,0.3333,0.6,0.5,89.7,84.7,-0.1667,0.8,30.8,7,6.0,6.0,0,0,0.0,0.0,0.0,1,0.8333,,,1.54,2.853,0.6495,0.3505,1.0,1.54,2.853,0.0,0.0,unknown,1.0,1.0,0,0,0.0,0,0,0,1.0
1695,2023,10,2023-05-20 06:35:00,Fremantle,Geelong,Perth Stadium,106.0,77.0,1.0,6,7,False,1517.37,1633.54,-116.17,0.6667,0.6,0.4,81.9,85.4,0.2667,0.6667,0.8,0.6,107.3,78.9,0.0667,0.2,-25.2,5,7.0,7.0,0,1,0.0,2720.0,2720.0,0,0.5957,0.5,0.0957,2.294,1.773,0.436,0.564,1.0,2.294,1.773,0.0,0.0,unknown,1.0,1.0,0,0,0.0,0,0,0,1.0
1696,2023,10,2023-05-20 09:30:00,Brisbane Lions,Gold Coast,Gabba,107.0,64.0,1.0,2,8,False,1627.36,1453.92,173.44,1.0,1.0,0.7,94.5,82.8,0.3,0.6667,0.6,0.5,84.5,76.7,0.1667,0.8,39.4,8,7.0,7.0,0,0,0.0,0.0,0.0,0,0.5579,0.1818,0.3761,1.283,4.533,0.7794,0.2206,1.0,1.283,4.533,0.0,0.0,unknown,1.0,1.0,0,0,0.0,0,0,0,1.0
1697,2023,10,2023-05-20 09:40:00,Essendon,Richmond,M.C.G.,71.0,70.0,1.0,5,14,False,1459.8,1501.82,-42.02,0.0,0.2,0.4,88.6,93.1,-0.4,0.6667,0.4,0.3,81.3,81.8,0.3667,0.0,-45.2,6,7.0,8.0,0,0,0.0,0.0,0.0,1,0.3684,0.6881,-0.3197,2.595,1.627,0.3853,0.6147,1.0,2.595,1.627,0.0,0.0,unknown,1.0,1.0,0,0,0.0,0,0,0,1.0
1698,2023,10,2023-05-21 03:10:00,Hawthorn,West Coast,York Park,142.0,26.0,1.0,10,17,False,1364.85,1294.66,70.19,0.0,0.0,0.1,60.4,98.7,-0.1,0.0,0.0,0.1,66.1,114.7,-0.1,0.4,3.2,7,7.0,8.0,1,1,310.0,3560.0,3250.0,1,0.65,,,1.272,4.675,0.7861,0.2139,1.0,1.272,4.675,0.0,0.0,unknown,1.0,1.0,0,0,0.0,0,0,0,1.0
1699,2023,10,2023-05-21 05:20:00,Carlton,Collingwood,M.C.G.,57.0,85.0,0.0,3,4,False,1472.95,1645.49,-172.53,0.3333,0.2,0.4,81.0,78.6,-0.0667,1.0,1.0,0.8,91.6,72.9,0.2,0.0,-17.8,7,7.0,6.0,0,0,0.0,0.0,0.0,0,0.3281,0.5398,-0.2117,2.831,1.546,0.3532,0.6468,1.0,2.831,1.546,0.0,0.0,unknown,1.0,1.0,0,0,0.0,0,0,0,1.0
1700,2023,10,2023-05-21 06:40:00,Greater Western Sydney,St Kilda,Sydney Showground,80.0,92.0,0.0,9,15,False,1420.5,1525.64,-105.14,0.3333,0.4,0.3,79.2,93.6,0.0333,0.3333,0.4,0.6,79.3,68.3,-0.2667,0.6,15.8,5,7.0,7.0,0,1,0.0,870.0,870.0,0,0.7049,,,2.412,1.708,0.4146,0.5854,1.0,2.412,1.708,0.0,0.0,unknown,1.0,1.0,0,0,0.0,0,0,0,1.0
1701,2023,11,2023-05-26 09:50:00,Sydney,Carlton,S.C.G.,77.0,51.0,1.0,16,3,False,1538.99,1462.37,76.61,0.3333,0.2,0.4,86.8,88.3,-0.0667,0.0,0.2,0.4,79.3,79.6,-0.4,0.8,26.4,6,6.0,5.0,0,1,0.0,870.0,870.0,0,0.6265,0.1429,0.4836,2.106,1.904,0.4748,0.5252,1.0,2.106,1.904,0.0,0.0,unknown,1.0,1.0,0,0,0.0,0,0,0,1.0
1702,2023,11,2023-05-27 03:45:00,St Kilda,Hawthorn,Docklands,78.0,88.0,0.0,15,10,False,1539.12,1377.67,161.46,0.6667,0.6,0.7,81.1,67.5,-0.0333,0.3333,0.2,0.2,68.2,92.6,0.1333,0.8,19.2,6,5.0,6.0,0,0,0.0,0.0,0.0,0,0.4767,0.5417,-0.065,1.254,4.931,0.7972,0.2028,1.0,1.254,4.931,0.0,0.0,unknown,1.0,1.0,0,0,0.0,0,0,0,1.0
1703,2023,11,2023-05-27 04:10:00,Melbourne,Fremantle,M.C.G.,72.0,79.0,0.0,11,6,False,1603.65,1536.38,67.27,0.6667,0.8,0.7,103.8,75.0,-0.0333,1.0,0.6,0.5,86.6,85.2,0.5,0.6,7.6,8,7.0,6.0,0,1,0.0,2720.0,2720.0,0,0.5213,0.4615,0.0598,1.368,3.72,0.7312,0.2688,1.0,1.368,3.72,0.0,0.0,unknown,1.0,1.0,0,0,0.0,0,0,0,1.0
1704,2023,11,2023-05-27 06:35:00,Geelong,Greater Western Sydney,Kardinia Park,74.0,81.0,0.0,7,9,False,1614.53,1407.02,207.51,0.3333,0.6,0.5,101.7,84.3,-0.1667,0.0,0.2,0.3,80.3,93.9,-0.3,0.6,23.4,6,7.0,5.0,0,0,0.0,0.0,0.0,0,0.85,,,1.11,10.05,0.9005,0.0995,1.0,1.11,10.05,0.0,0.0,unknown,1.0,1.0,0,0,0.0,0,0,0,1.0
1705,2023,11,2023-05-27 09:25:00,Gold Coast,Western Bulldogs,Marrara Oval,84.0,77.0,1.0,8,18,False,1446.99,1590.84,-143.84,0.3333,0.6,0.4,79.5,82.7,-0.0667,1.0,1.0,0.7,78.0,71.8,0.3,0.0,-8.0,2,6.0,7.0,1,1,2800.0,3140.0,340.0,1,,,,2.715,1.583,0.3683,0.6317,1.0,2.715,1.583,0.0,0.0,unknown,1.0,1.0,0,0,0.0,0,0,0,1.0
1706,2023,11,2023-05-27 09:40:00,West Coast,Essendon,Perth Stadium,46.0,96.0,0.0,17,5,False,1281.85,1477.72,-195.87,0.0,0.0,0.1,64.1,115.8,-0.1,0.3333,0.2,0.5,88.2,86.0,-0.1667,0.8,19.8,8,6.0,7.0,0,1,0.0,2720.0,2720.0,0,0.5385,0.3333,0.2052,8.584,1.132,0.1165,0.8835,1.0,8.584,1.132,0.0,0.0,unknown,1.0,1.0,0,0,0.0,0,0,0,1.0
1707,2023,11,2023-05-28 03:10:00,Richmond,Port Adelaide,M.C.G.,67.0,77.0,0.0,14,13,False,1483.9,1598.95,-115.05,0.6667,0.4,0.3,77.9,78.3,0.3667,1.0,1.0,0.8,91.1,81.7,0.2,0.6667,5.0,3,7.0,8.0,0,1,0.0,730.0,730.0,0,0.6818,0.4667,0.2151,2.007,1.993,0.4982,0.5018,1.0,2.007,1.993,0.0,0.0,unknown,1.0,1.0,0,0,0.0,0,0,0,1.0
1708,2023,11,2023-05-28 05:20:00,Collingwood,North Melbourne,Docklands,105.0,70.0,1.0,4,12,False,1656.07,1293.92,362.15,1.0,1.0,0.9,90.7,69.1,0.1,0.0,0.0,0.2,67.4,102.1,-0.2,0.6,3.8,6,7.0,8.0,0,0,0.0,0.0,0.0,1,0.45,0.36,0.09,1.063,16.978,0.9411,0.0589,1.0,1.063,16.978,0.0,0.0,unknown,1.0,1.0,0,0,0.0,0,0,0,1.0
1709,2023,11,2023-05-28 06:40:00,Adelaide,Brisbane Lions,Adelaide Oval,95.0,78.0,1.0,1,2,False,1455.75,1634.29,-178.54,0.3333,0.4,0.5,88.2,82.1,-0.1667,1.0,1.0,0.8,100.3,77.2,0.2,0.5,34.25,4,8.0,7.0,0,1,0.0,1600.0,1600.0,0,0.5842,0.3,0.2842,2.286,1.778,0.4375,0.5625,1.0,2.286,1.778,0.0,0.0,unknown,1.0,1.0,0,0,0.0,0,0,0,1.0
1710,2023,12,2023-06-02 09:50:00,Melbourne,Carlton,M.C.G.,61.0,44.0,1.0,11,3,False,1582.44,1451.96,130.48,0.3333,0.6,0.6,99.5,76.4,-0.2667,0.0,0.2,0.4,78.6,81.5,-0.4,1.0,17.67,3,6.0,7.0,0,0,0.0,0.0,0.0,0,0.5158,0.3231,0.1927,1.436,3.295,0.6965,0.3035,1.0,1.436,3.295,0.0,0.0,unknown,1.0,1.0,0,0,0.0,0,0,0,1.0
1711,2023,12,2023-06-03 03:45:00,Port Adelaide,Hawthorn,Adelaide Oval,151.0,96.0,1.0,13,10,False,1611.99,1402.36,209.63,1.0,1.0,0.8,86.2,81.2,0.2,0.6667,0.4,0.3,70.5,88.0,0.3667,0.6,-3.4,5,6.0,7.0,0,1,0.0,730.0,730.0,0,0.604,0.5,0.104,1.141,8.084,0.8763,0.1237,1.0,1.141,8.084,0.0,0.0,unknown,1.0,1.0,0,0,0.0,0,0,0,1.0
1712,2023,12,2023-06-03 06:35:00,West Coast,Collingwood,Perth Stadium,57.0,120.0,0.0,17,4,False,1272.2,1659.61,-387.4,0.0,0.0,0.1,60.5,116.7,-0.1,1.0,1.0,0.9,88.7,65.8,0.1,0.6,19.2,7,6.0,6.0,0,1,0.0,2720.0,2720.0,0,0.5283,0.5,0.0283,15.038,1.071,0.0665,0.9335,1.0,15.038,1.071,0.0,0.0,unknown,1.0,1.0,0,0,0.0,0,0,0,1.0
1713,2023,12,2023-06-03 09:25:00,Western Bulldogs,Geelong,Docklands,75.0,97.0,0.0,18,7,False,1568.57,1588.45,-19.89,0.6667,0.8,0.7,79.2,68.7,-0.0333,0.0,0.4,0.5,98.8,79.9,-0.5,0.4,-12.6,5,7.0,7.0,0,0,0.0,0.0,0.0,0,0.675,0.6471,0.0279,1.697,2.435,0.5894,0.4106,1.0,1.697,2.435,0.0,0.0,unknown,1.0,1.0,0,0,0.0,0,0,0,1.0
1714,2023,12,2023-06-03 09:30:00,Gold Coast,Adelaide,Marrara Oval,112.0,87.0,1.0,8,1,False,1469.26,1477.41,-8.15,0.6667,0.6,0.5,81.8,79.4,0.1667,0.6667,0.4,0.6,88.7,79.3,0.0667,0.4,-28.2,6,7.0,6.0,1,1,2800.0,2420.0,-380.0,1,,,,2.018,1.983,0.4956,0.5044,1.0,2.018,1.983,0.0,0.0,unknown,1.0,1.0,0,0,0.0,0,0,0,1.0
1715,2023,12,2023-06-04 03:10:00,Greater Western Sydney,Richmond,Sydney Showground,104.0,110.0,0.0,9,14,False,1433.1,1470.86,-37.76,0.3333,0.4,0.3,77.8,92.3,0.0333,0.3333,0.4,0.3,78.8,80.2,0.0333,1.0,21.0,6,7.0,7.0,0,1,0.0,870.0,870.0,0,0.6935,0.2,0.4935,1.88,2.136,0.5319,0.4681,1.0,1.88,2.136,0.0,0.0,unknown,1.0,1.0,0,0,0.0,0,0,0,1.0
1716,2023,12,2023-06-04 06:40:00,Essendon,North Melbourne,Docklands,105.0,99.0,1.0,5,12,False,1487.38,1290.38,197.0,0.6667,0.4,0.5,85.4,84.1,0.1667,0.0,0.0,0.1,65.7,104.4,-0.1,1.0,31.2,8,7.0,7.0,0,0,0.0,0.0,0.0,0,0.5094,0.3553,0.1541,1.211,5.731,0.8255,0.1745,1.0,1.211,5.731,0.0,0.0,unknown,1.0,1.0,0,0,0.0,0,0,0,1.0
1717,2023,13,2023-06-08 09:10:00,Sydney,St Kilda,S.C.G.,66.0,80.0,0.0,16,15,False,1549.4,1514.43,34.97,0.6667,0.4,0.4,83.5,87.3,0.2667,0.3333,0.4,0.6,82.2,71.1,-0.2667,1.0,36.75,4,12.0,12.0,0,1,0.0,870.0,870.0,0,0.631,,,1.617,2.621,0.6184,0.3816,1.0,1.617,2.621,0.0,0.0,unknown,1.0,1.0,0,0,0.0,0,0,0,1.0
1718,2023,13,2023-06-09 09:50:00,Western Bulldogs,Port Adelaide,Docklands,85.0,107.0,0.0,18,13,False,1551.18,1617.85,-66.67,0.3333,0.6,0.7,82.6,69.2,-0.3667,1.0,1.0,0.9,94.9,77.3,0.1,0.25,0.25,4,6.0,6.0,0,1,0.0,730.0,730.0,0,0.6667,0.7647,-0.098,2.098,1.911,0.4766,0.5234,1.0,2.098,1.911,0.0,0.0,unknown,1.0,1.0,0,0,0.0,0,0,0,1.0
1719,2023,13,2023-06-10 03:45:00,Hawthorn,Brisbane Lions,M.C.G.,98.0,73.0,1.0,10,2,False,1396.49,1612.63,-216.13,0.6667,0.4,0.3,76.4,91.3,0.3667,0.6667,0.8,0.8,100.9,74.1,-0.1333,0.6,-3.0,7,7.0,12.0,0,1,0.0,1730.0,1730.0,0,0.4805,0.0769,0.4036,4.137,1.319,0.2417,0.7583,1.0,4.137,1.319,0.0,0.0,unknown,1.0,1.0,0,0,0.0,0,0,0,1.0
1720,2023,13,2023-06-10 06:35:00,Adelaide,West Coast,Adelaide Oval,174.0,52.0,1.0,1,17,False,1461.03,1268.19,192.85,0.3333,0.4,0.6,89.8,79.7,-0.2667,0.0,0.0,0.0,56.2,120.6,0.0,0.4,-8.4,6,6.0,7.0,0,1,0.0,2130.0,2130.0,0,0.5882,0.5714,0.0168,1.037,27.855,0.9641,0.0359,1.0,1.037,27.855,0.0,0.0,unknown,1.0,1.0,0,0,0.0,0,0,0,1.0
1721,2023,13,2023-06-10 09:25:00,Fremantle,Richmond,Perth Stadium,70.0,85.0,0.0,6,14,False,1557.58,1487.42,70.16,1.0,0.8,0.6,89.3,85.7,0.4,0.3333,0.6,0.3,79.0,83.0,0.0333,0.2,-38.0,5,14.0,6.0,0,1,0.0,2720.0,2720.0,0,0.6042,0.6,0.0042,1.677,2.478,0.5964,0.4036,1.0,1.677,2.478,0.0,0.0,unknown,1.0,1.0,0,0,0.0,0,0,0,1.0
1722,2023,13,2023-06-11 05:20:00,North Melbourne,Greater Western Sydney,Bellerive Oval,75.0,103.0,0.0,12,9,False,1284.16,1416.54,-132.38,0.0,0.0,0.0,68.3,107.7,0.0,0.3333,0.2,0.3,80.1,93.3,0.0333,0.2,-14.2,6,6.0,7.0,1,0,310.0,0.0,-310.0,1,0.5,,,2.82,1.549,0.3546,0.6454,1.0,2.82,1.549,0.0,0.0,unknown,1.0,1.0,0,0,0.0,0,0,0,1.0
1723,2023,13,2023-06-11 09:15:00,Carlton,Essendon,M.C.G.,52.0,86.0,0.0,3,5,False,1443.6,1493.6,-50.0,0.0,0.0,0.3,74.0,79.4,-0.3,1.0,0.6,0.5,85.1,86.0,0.5,0.75,5.5,4,8.0,7.0,0,0,0.0,0.0,0.0,0,0.3182,0.3793,-0.0611,1.962,2.039,0.5096,0.4904,1.0,1.962,2.039,0.0,0.0,unknown,1.0,1.0,0,0,0.0,0,0,0,1.0
1724,2023,13,2023-06-12 05:20:00,Melbourne,Collingwood,M.C.G.,66.0,62.0,1.0,11,4,False,1590.81,1663.62,-72.81,0.3333,0.6,0.7,97.4,71.5,-0.3667,1.0,1.0,0.9,87.2,65.1,0.1,0.2,-5.4,8,9.0,8.0,0,0,0.0,0.0,0.0,0,0.5208,0.5439,-0.0231,2.081,1.925,0.4806,0.5194,1.0,2.081,1.925,0.0,0.0,unknown,1.0,1.0,0,0,0.0,0,0,0,1.0
1725,2023,14,2023-06-15 09:40:00,Port Adelaide,Geelong,Adelaide Oval,110.0,72.0,1.0,13,7,False,1633.09,1605.83,27.25,1.0,1.0,1.0,97.0,74.1,0.0,0.3333,0.4,0.6,100.3,78.4,-0.2667,0.6,7.4,8,5.0,12.0,0,1,0.0,730.0,730.0,0,0.6078,0.5625,0.0453,1.627,2.596,0.6148,0.3852,1.0,1.627,2.596,0.0,0.0,unknown,1.0,1.0,0,0,0.0,0,0,0,1.0
1726,2023,14,2023-06-16 09:50:00,Brisbane Lions,Sydney,Gabba,97.0,81.0,1.0,2,16,False,1589.51,1529.57,59.94,0.3333,0.6,0.7,98.9,75.7,-0.3667,0.6667,0.4,0.3,78.3,91.6,0.3667,0.2,-10.2,5,6.0,8.0,0,1,0.0,980.0,980.0,0,0.5625,0.5,0.0625,1.279,4.581,0.7817,0.2183,1.0,1.279,4.581,0.0,0.0,unknown,1.0,1.0,0,0,0.0,0,0,0,1.0
1727,2023,14,2023-06-17 06:35:00,Greater Western Sydney,Fremantle,Sydney Showground,106.0,36.0,1.0,9,6,False,1426.72,1536.26,-109.54,0.6667,0.4,0.4,84.0,93.4,0.2667,0.6667,0.8,0.6,89.1,86.9,0.0667,0.6,18.2,5,6.0,6.0,0,1,0.0,3940.0,3940.0,0,0.6825,,,1.786,2.272,0.5598,0.4402,1.0,1.786,2.272,0.0,0.0,unknown,1.0,1.0,0,0,0.0,0,0,0,1.0
1728,2023,14,2023-06-17 09:25:00,Richmond,St Kilda,M.C.G.,90.0,70.0,1.0,14,15,False,1508.74,1534.27,-25.52,0.6667,0.6,0.4,82.6,83.7,0.2667,0.6667,0.6,0.6,81.0,73.6,0.0667,0.6,10.2,5,7.0,9.0,0,0,0.0,0.0,0.0,0,0.6757,0.5556,0.1201,1.771,2.297,0.5646,0.4354,1.0,1.771,2.297,0.0,0.0,unknown,1.0,1.0,0,0,0.0,0,0,0,1.0
1729,2023,14,2023-06-18 03:10:00,Carlton,Gold Coast,M.C.G.,120.0,61.0,1.0,3,8,False,1427.6,1485.64,-58.04,0.0,0.0,0.2,71.8,81.6,-0.2,0.6667,0.6,0.6,85.0,77.3,0.0667,0.4,-4.2,5,6.0,14.0,0,1,0.0,1730.0,1730.0,0,0.3134,0.2222,0.0912,1.684,2.461,0.5937,0.4063,1.0,1.684,2.461,0.0,0.0,unknown,1.0,1.0,0,0,0.0,0,0,0,1.0
1730,2023,14,2023-06-18 06:40:00,North Melbourne,Western Bulldogs,Docklands,84.0,105.0,0.0,12,18,False,1273.98,1535.95,-261.97,0.0,0.0,0.0,69.7,110.0,0.0,0.0,0.4,0.6,84.4,74.6,-0.6,0.2,-38.0,6,7.0,8.0,0,0,0.0,0.0,0.0,0,0.3506,0.6585,-0.3079,5.348,1.23,0.187,0.813,1.0,5.348,1.23,0.0,0.0,unknown,1.0,1.0,0,0,0.0,0,0,0,1.0
1731,2023,15,2023-06-22 09:20:00,Geelong,Melbourne,Kardinia Park,78.0,63.0,1.0,7,11,False,1593.34,1607.85,-14.52,0.3333,0.2,0.6,102.1,82.1,-0.2667,0.6667,0.6,0.7,90.6,69.3,-0.0333,0.8,27.0,7,6.0,10.0,0,0,0.0,0.0,0.0,0,0.8293,,,1.884,2.132,0.5309,0.4691,1.0,1.884,2.132,0.0,0.0,unknown,1.0,1.0,0,0,0.0,0,0,0,1.0
1732,2023,15,2023-06-23 09:50:00,St Kilda,Brisbane Lions,Docklands,56.0,84.0,0.0,15,2,False,1519.39,1600.61,-81.21,0.3333,0.4,0.5,78.8,75.2,-0.1667,0.3333,0.6,0.8,103.3,77.1,-0.4667,0.6,8.6,5,6.0,7.0,0,1,0.0,1730.0,1730.0,0,0.4713,0.3636,0.1077,2.29,1.775,0.4366,0.5634,1.0,2.29,1.775,0.0,0.0,unknown,1.0,1.0,0,0,0.0,0,0,0,1.0
1733,2023,15,2023-06-24 06:35:00,Sydney,West Coast,S.C.G.,205.0,34.0,1.0,16,17,False,1518.47,1261.85,256.62,0.3333,0.4,0.3,78.0,87.9,0.0333,0.0,0.0,0.0,54.7,127.2,0.0,1.0,47.75,4,7.0,14.0,0,1,0.0,3940.0,3940.0,0,0.6235,,,1.043,24.155,0.9586,0.0414,1.0,1.043,24.155,0.0,0.0,unknown,1.0,1.0,0,0,0.0,0,0,0,1.0
1734,2023,15,2023-06-24 09:25:00,Fremantle,Essendon,Perth Stadium,93.0,61.0,1.0,6,5,False,1517.54,1509.6,7.95,0.3333,0.6,0.5,81.9,90.8,-0.1667,1.0,0.8,0.6,86.3,82.0,0.4,0.8,25.6,5,7.0,13.0,0,1,0.0,2720.0,2720.0,0,0.5918,0.4286,0.1632,1.75,2.334,0.5715,0.4285,1.0,1.75,2.334,0.0,0.0,unknown,1.0,1.0,0,0,0.0,0,0,0,1.0
1735,2023,15,2023-06-25 03:10:00,Collingwood,Adelaide,M.C.G.,82.0,80.0,1.0,4,1,False,1646.57,1467.38,179.19,0.6667,0.8,0.8,87.1,66.8,-0.1333,0.6667,0.6,0.6,95.5,76.3,0.0667,0.3333,5.0,3,12.0,14.0,0,1,0.0,730.0,730.0,0,0.5391,0.4,0.1391,1.368,3.719,0.7311,0.2689,1.0,1.368,3.719,0.0,0.0,unknown,1.0,1.0,0,0,0.0,0,0,0,1.0
1736,2023,15,2023-06-25 06:40:00,Gold Coast,Hawthorn,Carrara,101.0,34.0,1.0,8,10,False,1469.27,1419.61,49.66,0.6667,0.6,0.5,83.8,83.9,0.1667,0.6667,0.6,0.3,78.2,92.5,0.3667,1.0,63.33,3,7.0,15.0,0,1,0.0,1730.0,1730.0,0,0.3462,,,1.316,4.167,0.76,0.24,1.0,1.316,4.167,0.0,0.0,unknown,1.0,1.0,0,0,0.0,0,0,0,1.0
1737,2023,16,2023-06-29 09:20:00,Brisbane Lions,Richmond,Gabba,134.0,53.0,1.0,2,14,False,1615.17,1523.62,91.56,0.6667,0.6,0.8,100.1,74.4,-0.1333,1.0,0.6,0.5,83.2,81.8,0.5,0.6,-10.8,6,5.0,11.0,0,1,0.0,1730.0,1730.0,0,0.567,0.6667,-0.0997,1.327,4.062,0.7538,0.2462,1.0,1.327,4.062,0.0,0.0,unknown,1.0,1.0,0,0,0.0,0,0,0,1.0
1739,2023,16,2023-07-01 03:45:00,Adelaide,North Melbourne,Adelaide Oval,138.0,72.0,1.0,1,12,False,1460.63,1266.68,193.94,0.3333,0.4,0.5,92.4,77.3,-0.1667,0.0,0.0,0.0,69.7,109.8,0.0,1.0,35.4,6,6.0,12.0,0,1,0.0,730.0,730.0,0,0.5922,0.0,0.5922,1.08,13.423,0.9255,0.0745,1.0,1.08,13.423,0.0,0.0,unknown,1.0,1.0,0,0,0.0,0,0,0,1.0
1740,2023,16,2023-07-01 03:45:00,Western Bulldogs,Fremantle,Docklands,102.0,73.0,1.0,18,6,False,1543.24,1530.9,12.34,0.3333,0.4,0.6,86.0,74.6,-0.2667,0.3333,0.6,0.6,84.0,85.8,-0.2667,0.5,20.5,4,12.0,6.0,0,1,0.0,2720.0,2720.0,0,0.6627,0.4,0.2627,1.584,2.714,0.6315,0.3685,1.0,1.584,2.714,0.0,0.0,unknown,1.0,1.0,0,0,0.0,0,0,0,1.0
1741,2023,16,2023-07-01 06:35:00,Gold Coast,Collingwood,Carrara,42.0,120.0,0.0,8,4,False,1480.8,1653.32,-172.52,0.6667,0.6,0.6,87.9,76.0,0.0667,0.6667,0.8,0.9,87.0,63.2,-0.2333,0.0,-32.0,4,5.0,6.0,0,1,0.0,1730.0,1730.0,0,0.3544,,,2.336,1.748,0.428,0.572,1.0,2.336,1.748,0.0,0.0,unknown,1.0,1.0,0,0,0.0,0,0,0,1.0
1742,2023,16,2023-07-01 09:25:00,Essendon,Port Adelaide,M.C.G.,74.0,78.0,0.0,5,13,False,1496.24,1645.59,-149.35,0.6667,0.8,0.5,83.6,83.8,0.1667,1.0,1.0,1.0,101.4,74.9,0.0,0.4,-12.8,5,7.0,15.0,0,1,0.0,730.0,730.0,1,0.3898,0.5,-0.1102,2.864,1.537,0.3492,0.6508,1.0,2.864,1.537,0.0,0.0,unknown,1.0,1.0,0,0,0.0,0,0,0,1.0
1743,2023,16,2023-07-02 03:10:00,Hawthorn,Carlton,M.C.G.,52.0,112.0,0.0,10,3,False,1408.08,1443.97,-35.89,0.3333,0.6,0.3,77.1,89.9,0.0333,0.3333,0.2,0.2,73.1,79.3,0.1333,1.0,27.0,3,6.0,14.0,0,0,0.0,0.0,0.0,0,0.4872,0.3235,0.1637,3.446,1.409,0.2902,0.7098,1.0,3.446,1.409,0.0,0.0,unknown,1.0,1.0,0,0,0.0,0,0,0,1.0
1744,2023,16,2023-07-02 05:20:00,Melbourne,Greater Western Sydney,Traeger Park,45.0,47.0,0.0,11,9,False,1593.48,1445.43,148.05,0.6667,0.4,0.6,84.3,70.8,0.0667,0.6667,0.6,0.5,87.1,88.2,0.1667,0.6,15.8,6,9.0,14.0,1,0,3140.0,0.0,-3140.0,1,0.5714,,,1.44,3.273,0.6945,0.3055,1.0,1.44,3.273,0.0,0.0,unknown,1.0,1.0,0,0,0.0,0,0,0,1.0
1745,2023,16,2023-07-02 06:40:00,West Coast,St Kilda,Perth Stadium,77.0,85.0,0.0,17,15,False,1257.17,1504.83,-247.66,0.0,0.0,0.0,51.8,135.1,0.0,0.3333,0.4,0.4,73.1,77.6,-0.0667,0.8,23.0,6,8.0,8.0,0,1,0.0,2720.0,2720.0,0,0.5185,,,14.556,1.074,0.0687,0.9313,1.0,14.556,1.074,0.0,0.0,unknown,1.0,1.0,0,0,0.0,0,0,0,1.0
1746,2023,17,2023-07-06 09:20:00,Richmond,Sydney,M.C.G.,88.0,75.0,1.0,14,16,False,1513.8,1524.73,-10.93,0.6667,0.6,0.5,80.7,83.0,0.1667,0.3333,0.4,0.3,85.3,82.3,0.0333,0.6,-6.6,7,7.0,5.0,0,1,0.0,870.0,870.0,0,0.6786,0.5417,0.1369,1.974,2.027,0.5067,0.4933,1.0,1.974,2.027,0.0,0.0,unknown,1.0,1.0,0,0,0.0,0,0,0,1.0
1747,2023,17,2023-07-07 09:50:00,Western Bulldogs,Collingwood,Docklands,77.0,89.0,0.0,18,4,False,1556.4,1663.9,-107.5,0.6667,0.4,0.7,90.6,74.9,-0.0333,0.6667,0.8,0.9,92.0,61.0,-0.2333,0.5,-10.0,4,6.0,6.0,0,0,0.0,0.0,0.0,0,0.6667,0.4762,0.1905,2.529,1.654,0.3954,0.6046,1.0,2.529,1.654,0.0,0.0,unknown,1.0,1.0,0,0,0.0,0,0,0,1.0
1748,2023,17,2023-07-08 03:45:00,Brisbane Lions,West Coast,Gabba,116.0,35.0,1.0,2,17,False,1624.99,1249.4,375.59,1.0,0.6,0.8,98.3,72.0,0.2,0.0,0.0,0.0,50.6,130.0,0.0,0.8,32.2,7,8.0,5.0,0,1,0.0,4390.0,4390.0,0,0.5714,0.6,-0.0286,1.017,58.824,0.983,0.017,1.0,1.017,58.824,0.0,0.0,unknown,1.0,1.0,0,0,0.0,0,0,0,1.0
1749,2023,17,2023-07-08 06:35:00,Greater Western Sydney,Hawthorn,Sydney Showground,85.0,72.0,1.0,9,10,False,1467.87,1391.43,76.44,1.0,0.8,0.5,84.1,85.2,0.5,0.3333,0.4,0.3,74.8,93.4,0.0333,0.6,-3.2,8,6.0,6.0,0,1,0.0,870.0,870.0,0,0.6875,0.0,0.6875,1.172,6.798,0.8529,0.1471,1.0,1.172,6.798,0.0,0.0,unknown,1.0,1.0,0,0,0.0,0,0,0,1.0
1750,2023,17,2023-07-08 09:25:00,St Kilda,Melbourne,Docklands,58.0,79.0,0.0,15,11,False,1512.59,1571.05,-58.45,0.3333,0.4,0.5,75.2,78.3,-0.1667,0.3333,0.4,0.6,81.1,65.1,-0.2667,0.4,-6.4,6,6.0,6.0,0,0,0.0,0.0,0.0,0,0.4659,0.6667,-0.2008,2.809,1.553,0.356,0.644,1.0,2.809,1.553,0.0,0.0,unknown,1.0,1.0,0,0,0.0,0,0,0,1.0
1751,2023,17,2023-07-08 09:40:00,Port Adelaide,Gold Coast,Adelaide Oval,106.0,73.0,1.0,13,8,False,1655.1,1470.22,184.88,1.0,1.0,1.0,102.2,76.7,0.0,0.3333,0.6,0.6,83.1,78.0,-0.2667,1.0,51.67,3,7.0,7.0,0,1,0.0,1600.0,1600.0,0,0.6117,0.0,0.6117,1.214,5.675,0.8238,0.1762,1.0,1.214,5.675,0.0,0.0,unknown,1.0,1.0,0,0,0.0,0,0,0,1.0
1752,2023,17,2023-07-09 03:10:00,Geelong,North Melbourne,Kardinia Park,125.0,63.0,1.0,7,12,False,1606.12,1260.37,345.75,0.3333,0.4,0.5,89.0,80.4,-0.1667,0.0,0.0,0.0,69.2,108.4,0.0,1.0,53.4,8,8.0,7.0,0,0,0.0,0.0,0.0,0,0.8333,,,1.056,18.762,0.9467,0.0533,1.0,1.056,18.762,0.0,0.0,unknown,1.0,1.0,0,0,0.0,0,0,0,1.0
1753,2023,17,2023-07-09 05:20:00,Essendon,Adelaide,Docklands,115.0,97.0,1.0,5,1,False,1486.72,1466.93,19.79,0.3333,0.6,0.4,80.6,83.9,-0.0667,0.6667,0.6,0.5,94.4,78.3,0.1667,0.6,-15.2,5,7.0,8.0,0,1,0.0,730.0,730.0,0,0.5185,0.4706,0.0479,1.971,2.03,0.5073,0.4927,1.0,1.971,2.03,0.0,0.0,unknown,1.0,1.0,0,0,0.0,0,0,0,1.0
1754,2023,17,2023-07-09 06:40:00,Fremantle,Carlton,Perth Stadium,45.0,98.0,0.0,6,3,False,1517.74,1460.62,57.12,0.3333,0.4,0.5,81.3,87.0,-0.1667,0.6667,0.4,0.3,78.1,72.7,0.3667,0.4,8.0,8,8.0,7.0,0,1,0.0,2720.0,2720.0,0,0.6,0.5714,0.0286,1.857,2.167,0.5386,0.4614,1.0,1.857,2.167,0.0,0.0,unknown,1.0,1.0,0,0,0.0,0,0,0,1.0
1755,2023,18,2023-07-13 09:20:00,Sydney,Western Bulldogs,S.C.G.,78.0,76.0,1.0,16,18,False,1510.52,1543.03,-32.5,0.3333,0.2,0.3,89.1,78.1,0.0333,0.6667,0.4,0.6,86.5,76.9,0.0667,0.4,9.0,6,7.0,5.0,0,1,0.0,870.0,870.0,0,0.6207,0.6,0.0207,1.679,2.472,0.5955,0.4045,1.0,1.679,2.472,0.0,0.0,unknown,1.0,1.0,0,0,0.0,0,0,0,1.0
1756,2023,18,2023-07-14 09:50:00,Melbourne,Brisbane Lions,M.C.G.,105.0,104.0,1.0,11,2,False,1586.66,1627.54,-40.88,0.3333,0.6,0.6,79.4,63.1,-0.2667,1.0,0.8,0.8,99.1,66.8,0.2,0.6,20.4,8,6.0,6.0,0,1,0.0,1730.0,1730.0,0,0.5258,0.0714,0.4544,2.031,1.97,0.4924,0.5076,1.0,2.031,1.97,0.0,0.0,unknown,1.0,1.0,0,0,0.0,0,0,0,1.0
1757,2023,18,2023-07-15 03:45:00,Collingwood,Fremantle,M.C.G.,113.0,67.0,1.0,4,6,False,1677.28,1496.96,180.32,1.0,0.8,0.9,91.9,61.0,0.1,0.3333,0.2,0.5,78.9,85.0,-0.1667,0.6,22.6,5,7.0,5.0,0,1,0.0,2720.0,2720.0,0,0.5431,0.5,0.0431,1.087,12.5,0.92,0.08,1.0,1.087,12.5,0.0,0.0,unknown,1.0,1.0,0,0,0.0,0,0,0,1.0
1758,2023,18,2023-07-15 04:10:00,Gold Coast,St Kilda,Carrara,77.0,51.0,1.0,8,15,False,1463.64,1496.98,-33.34,0.3333,0.4,0.5,80.7,83.2,-0.1667,0.3333,0.4,0.4,72.8,80.2,-0.0667,0.2,4.2,6,6.0,6.0,0,1,0.0,1730.0,1730.0,0,0.35,0.6667,-0.3167,1.595,2.68,0.6269,0.3731,1.0,1.595,2.68,0.0,0.0,unknown,1.0,1.0,0,0,0.0,0,0,0,1.0
1759,2023,18,2023-07-15 06:35:00,Carlton,Port Adelaide,Docklands,122.0,72.0,1.0,3,13,False,1481.4,1661.68,-180.28,1.0,0.6,0.4,81.9,69.0,0.6,1.0,1.0,1.0,101.9,77.1,0.0,0.4,-9.4,6,5.0,6.0,0,1,0.0,730.0,730.0,0,0.3265,0.7778,-0.4513,1.862,2.16,0.5371,0.4629,1.0,1.862,2.16,0.0,0.0,unknown,1.0,1.0,0,0,0.0,0,0,0,1.0
1760,2023,18,2023-07-15 09:25:00,Geelong,Essendon,Kardinia Park,122.0,45.0,1.0,7,5,False,1609.09,1499.55,109.54,0.6667,0.6,0.5,88.5,83.0,0.1667,0.3333,0.6,0.5,84.4,84.6,-0.1667,1.0,54.2,5,6.0,6.0,0,0,0.0,0.0,0.0,0,0.8372,,,1.275,4.632,0.7841,0.2159,1.0,1.275,4.632,0.0,0.0,unknown,1.0,1.0,0,0,0.0,0,0,0,1.0
1761,2023,18,2023-07-15 09:40:00,Adelaide,Greater Western Sydney,Adelaide Oval,57.0,71.0,0.0,1,9,False,1454.11,1478.29,-24.18,0.3333,0.4,0.4,96.2,82.2,-0.0667,1.0,0.8,0.6,83.9,81.6,0.4,0.4,-21.8,8,6.0,7.0,0,0,0.0,0.0,0.0,0,0.5962,0.4615,0.1347,1.379,3.639,0.7252,0.2748,1.0,1.379,3.639,0.0,0.0,unknown,1.0,1.0,0,0,0.0,0,0,0,1.0
1762,2023,18,2023-07-16 03:10:00,North Melbourne,Hawthorn,Docklands,40.0,88.0,0.0,12,10,False,1257.4,1381.01,-123.61,0.0,0.0,0.0,70.1,111.2,0.0,0.0,0.2,0.3,74.4,94.0,-0.3,0.4,-13.0,5,7.0,7.0,0,0,0.0,0.0,0.0,0,0.3462,0.56,-0.2138,3.287,1.437,0.3042,0.6958,1.0,3.287,1.437,0.0,0.0,unknown,1.0,1.0,0,0,0.0,0,0,0,1.0
1763,2023,18,2023-07-16 06:40:00,West Coast,Richmond,Perth Stadium,60.0,98.0,0.0,17,14,False,1246.86,1528.01,-281.15,0.0,0.0,0.0,47.2,130.7,0.0,0.6667,0.8,0.6,81.7,80.9,0.0667,0.75,2.5,4,8.0,9.0,0,1,0.0,2720.0,2720.0,0,0.5091,0.6667,-0.1576,7.353,1.157,0.136,0.864,1.0,7.353,1.157,0.0,0.0,unknown,1.0,1.0,0,0,0.0,0,0,0,1.0
1764,2023,19,2023-07-21 09:50:00,Essendon,Western Bulldogs,Docklands,49.0,90.0,0.0,5,18,False,1490.42,1527.83,-37.41,0.3333,0.4,0.5,78.5,83.6,-0.1667,0.3333,0.4,0.5,84.7,78.2,-0.1667,0.0,-68.25,4,6.0,8.0,0,0,0.0,0.0,0.0,0,0.5273,0.6588,-0.1315,2.413,1.708,0.4145,0.5855,1.0,2.413,1.708,0.0,0.0,unknown,1.0,1.0,0,0,0.0,0,0,0,1.0
1765,2023,19,2023-07-22 03:45:00,Richmond,Hawthorn,M.C.G.,96.0,95.0,1.0,14,10,False,1534.7,1393.67,141.03,0.6667,0.8,0.7,86.7,79.7,-0.0333,0.3333,0.4,0.4,76.7,88.6,-0.0667,0.6,19.2,8,5.0,6.0,0,0,0.0,0.0,0.0,0,0.6814,0.481,0.2004,1.388,3.577,0.7204,0.2796,1.0,1.388,3.577,0.0,0.0,unknown,1.0,1.0,0,0,0.0,0,0,0,1.0
1766,2023,19,2023-07-22 04:10:00,Carlton,West Coast,Docklands,140.0,69.0,1.0,3,17,False,1503.13,1240.17,262.96,1.0,0.8,0.4,78.9,71.8,0.6,0.0,0.0,0.0,48.8,125.3,0.0,0.0,-15.75,4,6.0,5.0,0,1,0.0,2720.0,2720.0,0,0.34,0.4375,-0.0975,1.039,26.81,0.9627,0.0373,1.0,1.039,26.81,0.0,0.0,unknown,1.0,1.0,0,0,0.0,0,0,0,1.0
1767,2023,19,2023-07-22 06:35:00,Brisbane Lions,Geelong,Gabba,64.0,53.0,1.0,2,7,False,1611.96,1618.22,-6.27,0.6667,0.8,0.7,98.0,70.6,-0.0333,0.6667,0.6,0.5,87.5,77.1,0.1667,0.4,-28.0,5,7.0,6.0,0,1,0.0,1730.0,1730.0,0,0.5758,0.7,-0.1242,1.544,2.837,0.6475,0.3525,1.0,1.544,2.837,0.0,0.0,unknown,1.0,1.0,0,0,0.0,0,0,0,1.0
1768,2023,19,2023-07-22 09:40:00,Fremantle,Sydney,Perth Stadium,76.0,105.0,0.0,6,16,False,1490.24,1525.72,-35.47,0.0,0.2,0.5,78.9,84.8,-0.5,0.3333,0.4,0.4,86.3,75.0,-0.0667,0.6,-14.6,7,7.0,9.0,0,1,0.0,3940.0,3940.0,0,0.5882,0.5,0.0882,2.846,1.542,0.3514,0.6486,1.0,2.846,1.542,0.0,0.0,unknown,1.0,1.0,0,0,0.0,0,0,0,1.0
1769,2023,19,2023-07-22 09:40:00,Port Adelaide,Collingwood,Adelaide Oval,83.0,85.0,0.0,13,4,False,1639.95,1683.99,-44.04,0.6667,0.8,0.9,100.8,81.7,-0.2333,1.0,0.8,0.9,97.3,61.9,0.1,1.0,19.33,3,7.0,7.0,0,1,0.0,730.0,730.0,0,0.6154,0.7,-0.0846,1.961,2.04,0.5099,0.4901,1.0,1.961,2.04,0.0,0.0,unknown,1.0,1.0,0,0,0.0,0,0,0,1.0
1770,2023,19,2023-07-23 03:10:00,Greater Western Sydney,Gold Coast,Manuka Oval,103.0,63.0,1.0,9,8,False,1495.47,1478.88,16.6,1.0,1.0,0.6,80.3,76.7,0.4,0.3333,0.4,0.5,81.2,83.5,-0.1667,0.8,63.6,7,7.0,7.0,0,1,0.0,1250.0,1250.0,1,0.2857,,,1.663,2.509,0.6015,0.3985,1.0,1.663,2.509,0.0,0.0,unknown,1.0,1.0,0,0,0.0,0,0,0,1.0
1771,2023,19,2023-07-23 05:20:00,Melbourne,Adelaide,M.C.G.,97.0,93.0,1.0,11,1,False,1602.24,1436.92,165.32,0.6667,0.6,0.6,76.0,68.6,0.0667,0.3333,0.4,0.4,96.1,83.4,-0.0667,0.4,12.4,5,8.0,7.0,0,1,0.0,730.0,730.0,0,0.5306,0.375,0.1556,1.312,4.207,0.7623,0.2377,1.0,1.312,4.207,0.0,0.0,unknown,1.0,1.0,0,0,0.0,0,0,0,1.0
1772,2023,19,2023-07-23 06:40:00,St Kilda,North Melbourne,Docklands,69.0,61.0,1.0,15,12,False,1481.75,1244.74,237.01,0.3333,0.2,0.4,70.3,79.6,-0.0667,0.0,0.0,0.0,69.2,106.1,0.0,0.6,18.4,5,8.0,7.0,0,0,0.0,0.0,0.0,0,0.4607,0.3418,0.1189,1.152,7.576,0.868,0.132,1.0,1.152,7.576,0.0,0.0,unknown,1.0,1.0,0,0,0.0,0,0,0,1.0
1773,2023,20,2023-07-28 09:50:00,Collingwood,Carlton,M.C.G.,76.0,93.0,0.0,4,3,False,1700.27,1507.67,192.6,1.0,1.0,0.9,98.1,65.4,0.1,1.0,1.0,0.5,85.5,68.7,0.5,0.4,-8.6,6,6.0,6.0,0,0,0.0,0.0,0.0,0,0.547,0.3333,0.2137,1.387,3.587,0.7212,0.2788,1.0,1.387,3.587,0.0,0.0,unknown,1.0,1.0,0,0,0.0,0,0,0,1.0
1774,2023,20,2023-07-29 03:45:00,Geelong,Fremantle,Kardinia Park,64.0,71.0,0.0,7,6,False,1604.23,1473.57,130.65,0.6667,0.6,0.4,83.0,76.3,0.2667,0.0,0.2,0.4,74.8,90.5,-0.4,0.5,22.0,4,6.0,6.0,0,1,0.0,2720.0,2720.0,0,0.8409,,,1.076,14.225,0.9297,0.0703,1.0,1.076,14.225,0.0,0.0,unknown,1.0,1.0,0,0,0.0,0,0,0,1.0
1775,2023,20,2023-07-29 03:45:00,Western Bulldogs,Greater Western Sydney,Eureka Stadium,73.0,78.0,0.0,18,9,False,1544.41,1510.71,33.7,0.3333,0.6,0.5,85.1,76.0,-0.1667,1.0,1.0,0.7,83.5,74.4,0.3,0.75,6.5,4,7.0,6.0,0,0,0.0,0.0,0.0,1,0.8571,,,1.494,3.024,0.6693,0.3307,1.0,1.494,3.024,0.0,0.0,unknown,1.0,1.0,0,0,0.0,0,0,0,1.0
1776,2023,20,2023-07-29 06:35:00,Gold Coast,Brisbane Lions,Carrara,96.0,55.0,1.0,8,2,False,1463.64,1625.95,-162.31,0.3333,0.4,0.5,79.0,84.8,-0.1667,0.6667,0.8,0.7,94.4,68.5,-0.0333,0.0,-36.0,7,6.0,7.0,0,0,0.0,0.0,0.0,0,0.358,0.6154,-0.2574,3.389,1.419,0.2951,0.7049,1.0,3.389,1.419,0.0,0.0,unknown,1.0,1.0,0,0,0.0,0,0,0,1.0
1777,2023,20,2023-07-29 09:25:00,Essendon,Sydney,Docklands,99.0,101.0,0.0,5,16,False,1473.84,1542.38,-68.54,0.3333,0.2,0.5,74.7,83.4,-0.1667,0.6667,0.6,0.5,92.0,74.9,0.1667,0.75,13.75,4,7.0,6.0,0,1,0.0,870.0,870.0,0,0.5179,0.7273,-0.2094,2.569,1.637,0.3893,0.6107,1.0,2.569,1.637,0.0,0.0,unknown,1.0,1.0,0,0,0.0,0,0,0,1.0
1778,2023,20,2023-07-29 09:40:00,Adelaide,Port Adelaide,Adelaide Oval,112.0,65.0,1.0,1,13,False,1429.73,1623.67,-193.94,0.0,0.2,0.4,98.2,83.3,-0.4,0.3333,0.6,0.8,99.9,81.5,-0.4667,0.6,6.0,7,6.0,7.0,0,0,0.0,0.0,0.0,0,0.5905,0.6095,-0.019,2.807,1.554,0.3563,0.6437,1.0,2.807,1.554,0.0,0.0,unknown,1.0,1.0,0,0,0.0,0,0,0,1.0
1779,2023,20,2023-07-30 03:10:00,Hawthorn,St Kilda,Docklands,93.0,122.0,0.0,10,15,False,1385.67,1486.9,-101.22,0.3333,0.2,0.4,81.4,86.5,-0.0667,0.3333,0.4,0.4,70.8,82.3,-0.0667,0.5,-26.5,4,7.0,6.0,0,0,0.0,0.0,0.0,1,0.5769,0.4667,0.1102,2.231,1.813,0.4483,0.5517,1.0,2.231,1.813,0.0,0.0,unknown,1.0,1.0,0,0,0.0,0,0,0,1.0
1780,2023,20,2023-07-30 05:20:00,Richmond,Melbourne,M.C.G.,98.0,130.0,0.0,14,11,False,1542.69,1609.42,-66.73,1.0,0.8,0.7,85.9,83.4,0.3,1.0,0.6,0.6,76.7,69.4,0.4,0.5,0.5,4,8.0,7.0,0,0,0.0,0.0,0.0,0,0.6842,0.5354,0.1488,2.528,1.654,0.3955,0.6045,1.0,2.528,1.654,0.0,0.0,unknown,1.0,1.0,0,0,0.0,0,0,0,1.0
1781,2023,20,2023-07-30 06:40:00,West Coast,North Melbourne,Perth Stadium,72.0,67.0,1.0,17,12,False,1235.64,1239.59,-3.96,0.0,0.0,0.0,49.9,128.9,0.0,0.0,0.0,0.0,71.9,106.6,0.0,0.75,24.0,4,8.0,7.0,0,1,0.0,2720.0,2720.0,0,0.5,0.3333,0.1667,2.462,1.684,0.4062,0.5938,1.0,2.462,1.684,0.0,0.0,unknown,1.0,1.0,0,0,0.0,0,0,0,1.0
1782,2023,21,2023-08-04 09:50:00,Western Bulldogs,Richmond,Docklands,126.0,71.0,1.0,18,14,False,1526.86,1527.46,-0.6,0.3333,0.4,0.4,84.5,77.9,-0.0667,0.6667,0.6,0.6,85.5,88.6,0.0667,0.75,5.25,4,6.0,5.0,0,0,0.0,0.0,0.0,0,0.6628,0.45,0.2128,1.445,3.246,0.6919,0.3081,1.0,1.445,3.246,0.0,0.0,unknown,1.0,1.0,0,0,0.0,0,0,0,1.0
1783,2023,21,2023-08-05 03:45:00,Essendon,West Coast,Docklands,73.0,72.0,1.0,5,17,False,1458.7,1249.53,209.17,0.0,0.2,0.5,80.1,84.8,-0.5,0.3333,0.2,0.1,52.8,124.3,0.2333,,,1,6.0,5.0,0,1,0.0,2720.0,2720.0,0,0.5088,0.4118,0.097,1.06,17.794,0.9438,0.0562,1.0,1.06,17.794,0.0,0.0,unknown,1.0,1.0,0,0,0.0,0,0,0,1.0
1784,2023,21,2023-08-05 04:10:00,Adelaide,Gold Coast,Adelaide Oval,89.0,61.0,1.0,1,8,False,1452.01,1484.64,-32.63,0.3333,0.4,0.4,97.3,82.9,-0.0667,0.6667,0.4,0.5,77.3,86.0,0.1667,1.0,44.0,4,6.0,6.0,0,1,0.0,1600.0,1600.0,0,0.5943,0.0,0.5943,1.323,4.092,0.7556,0.2444,1.0,1.323,4.092,0.0,0.0,unknown,1.0,1.0,0,0,0.0,0,0,0,1.0
1785,2023,21,2023-08-05 06:35:00,Hawthorn,Collingwood,M.C.G.,105.0,73.0,1.0,10,4,False,1374.21,1674.61,-300.41,0.3333,0.2,0.4,85.8,88.4,-0.0667,0.6667,0.8,0.8,93.7,69.2,-0.1333,0.8,15.4,6,6.0,7.0,0,0,0.0,0.0,0.0,0,0.475,0.5424,-0.0674,5.734,1.211,0.1744,0.8256,1.0,5.734,1.211,0.0,0.0,unknown,1.0,1.0,0,0,0.0,0,0,0,1.0
1786,2023,21,2023-08-05 09:25:00,Geelong,Port Adelaide,Kardinia Park,97.0,85.0,1.0,7,13,False,1580.58,1601.4,-20.81,0.3333,0.4,0.4,81.6,73.2,-0.0667,0.0,0.4,0.7,92.9,86.2,-0.7,1.0,32.33,3,7.0,6.0,0,1,0.0,730.0,730.0,0,0.8222,,,1.378,3.647,0.7258,0.2742,1.0,1.378,3.647,0.0,0.0,unknown,1.0,1.0,0,0,0.0,0,0,0,1.0
1787,2023,21,2023-08-05 09:30:00,Greater Western Sydney,Sydney,Sydney Showground,85.0,96.0,0.0,9,16,False,1528.26,1557.53,-29.27,1.0,1.0,0.8,85.8,69.7,0.2,1.0,0.6,0.6,93.5,74.5,0.4,0.2,-15.4,7,7.0,7.0,0,0,0.0,0.0,0.0,0,0.6923,0.6,0.0923,1.687,2.456,0.5928,0.4072,1.0,1.687,2.456,0.0,0.0,unknown,1.0,1.0,0,0,0.0,0,0,0,1.0
1788,2023,21,2023-08-06 03:10:00,North Melbourne,Melbourne,Bellerive Oval,71.0,103.0,0.0,12,11,False,1225.7,1624.65,-398.95,0.0,0.0,0.0,72.1,100.3,0.0,1.0,0.8,0.6,79.4,74.3,0.4,0.6,-12.6,5,6.0,6.0,1,1,310.0,310.0,0.0,1,0.4815,,,10.309,1.107,0.097,0.903,1.0,10.309,1.107,0.0,0.0,unknown,1.0,1.0,0,0,0.0,0,0,0,1.0
1789,2023,21,2023-08-06 05:20:00,St Kilda,Carlton,Docklands,54.0,73.0,0.0,15,3,False,1498.36,1533.32,-34.95,0.6667,0.6,0.5,76.1,79.5,0.1667,1.0,1.0,0.6,88.9,68.4,0.4,0.8,19.4,6,7.0,8.0,0,0,0.0,0.0,0.0,0,0.4725,0.3529,0.1196,2.444,1.692,0.4091,0.5909,1.0,2.444,1.692,0.0,0.0,unknown,1.0,1.0,0,0,0.0,0,0,0,1.0
1790,2023,21,2023-08-06 06:40:00,Fremantle,Brisbane Lions,Perth Stadium,74.0,77.0,0.0,6,2,False,1497.22,1604.95,-107.74,0.3333,0.2,0.4,71.6,88.3,-0.0667,0.3333,0.6,0.6,91.2,73.6,-0.2667,0.6,-13.6,5,8.0,8.0,0,1,0.0,4390.0,4390.0,0,0.5769,,,2.699,1.589,0.3705,0.6295,1.0,2.699,1.589,0.0,0.0,unknown,1.0,1.0,0,0,0.0,0,0,0,1.0
1791,2023,22,2023-08-11 09:50:00,Collingwood,Geelong,M.C.G.,109.0,101.0,1.0,4,7,False,1648.74,1595.24,53.49,0.3333,0.6,0.7,92.5,74.0,-0.3667,0.3333,0.6,0.5,83.6,71.1,-0.1667,0.0,-12.4,7,6.0,6.0,0,0,0.0,0.0,0.0,0,0.5378,0.5926,-0.0548,1.749,2.335,0.5717,0.4283,1.0,1.749,2.335,0.0,0.0,unknown,1.0,1.0,0,0,0.0,0,0,0,1.0
1792,2023,22,2023-08-12 03:45:00,North Melbourne,Essendon,Docklands,77.0,86.0,0.0,12,5,False,1222.78,1464.57,-241.8,0.0,0.0,0.0,70.2,101.3,0.0,0.3333,0.4,0.5,80.3,85.0,-0.1667,0.3333,-17.0,3,6.0,7.0,0,0,0.0,0.0,0.0,0,0.3375,0.5172,-0.1797,3.631,1.38,0.2754,0.7246,1.0,3.631,1.38,0.0,0.0,unknown,1.0,1.0,0,0,0.0,0,0,0,1.0
1793,2023,22,2023-08-12 03:45:00,Sydney,Gold Coast,S.C.G.,114.0,90.0,1.0,16,8,False,1574.49,1469.44,105.05,1.0,0.8,0.6,93.8,74.0,0.4,0.3333,0.4,0.5,77.0,84.2,-0.1667,0.4,11.8,7,6.0,6.0,0,1,0.0,980.0,980.0,0,0.625,0.5714,0.0536,1.338,3.959,0.7474,0.2526,1.0,1.338,3.959,0.0,0.0,unknown,1.0,1.0,0,0,0.0,0,0,0,1.0
1794,2023,22,2023-08-12 06:35:00,Brisbane Lions,Adelaide,Gabba,99.0,93.0,1.0,2,1,False,1618.32,1467.21,151.11,0.6667,0.6,0.6,88.2,74.6,0.0667,0.6667,0.4,0.5,102.2,80.5,0.1667,0.4,-12.0,5,5.0,7.0,0,1,0.0,1600.0,1600.0,0,0.58,0.5,0.08,1.344,3.909,0.7442,0.2558,1.0,1.344,3.909,0.0,0.0,unknown,1.0,1.0,0,0,0.0,0,0,0,1.0
1795,2023,22,2023-08-12 09:30:00,Carlton,Melbourne,M.C.G.,60.0,56.0,1.0,3,11,False,1550.01,1627.58,-77.57,1.0,1.0,0.7,90.5,65.3,0.3,1.0,1.0,0.7,82.1,73.4,0.3,0.2,-20.6,6,6.0,6.0,0,0,0.0,0.0,0.0,0,0.3429,0.54,-0.1971,2.578,1.634,0.3879,0.6121,1.0,2.578,1.634,0.0,0.0,unknown,1.0,1.0,0,0,0.0,0,0,0,1.0
1796,2023,22,2023-08-12 10:10:00,West Coast,Fremantle,Perth Stadium,33.0,134.0,0.0,17,6,False,1243.65,1483.85,-240.2,0.3333,0.2,0.1,57.4,117.4,0.2333,0.3333,0.2,0.3,68.4,88.3,0.0333,0.8,23.2,7,7.0,6.0,0,0,0.0,0.0,0.0,0,0.5088,0.566,-0.0572,5.605,1.217,0.1784,0.8216,1.0,5.605,1.217,0.0,0.0,unknown,1.0,1.0,0,0,0.0,0,0,0,1.0
1797,2023,22,2023-08-13 03:10:00,Hawthorn,Western Bulldogs,York Park,67.0,64.0,1.0,10,18,False,1400.08,1540.6,-140.52,0.3333,0.4,0.4,82.1,93.1,-0.0667,0.6667,0.4,0.4,88.6,81.0,0.2667,0.4,-8.4,7,7.0,8.0,1,1,310.0,310.0,0.0,1,0.6667,,,3.008,1.498,0.3324,0.6676,1.0,3.008,1.498,0.0,0.0,unknown,1.0,1.0,0,0,0.0,0,0,0,1.0
1798,2023,22,2023-08-13 05:20:00,St Kilda,Richmond,Docklands,93.0,57.0,1.0,15,14,False,1481.67,1513.72,-32.05,0.6667,0.4,0.4,72.3,78.8,0.2667,0.3333,0.6,0.6,85.6,94.1,-0.2667,0.4,-22.8,7,7.0,8.0,0,0,0.0,0.0,0.0,0,0.4674,0.4286,0.0388,1.867,2.154,0.5357,0.4643,1.0,1.867,2.154,0.0,0.0,unknown,1.0,1.0,0,0,0.0,0,0,0,1.0
1799,2023,22,2023-08-13 06:40:00,Port Adelaide,Greater Western Sydney,Adelaide Oval,136.0,85.0,1.0,13,9,False,1586.74,1511.3,75.44,0.0,0.2,0.6,93.4,88.3,-0.6,0.6667,0.8,0.8,86.3,70.1,-0.1333,0.4,6.0,6,7.0,7.0,0,0,0.0,0.0,0.0,0,0.6038,0.5,0.1038,1.547,2.83,0.6466,0.3534,1.0,1.547,2.83,0.0,0.0,unknown,1.0,1.0,0,0,0.0,0,0,0,1.0
1800,2023,23,2023-08-18 09:50:00,Collingwood,Brisbane Lions,Docklands,100.0,124.0,0.0,4,2,False,1660.11,1625.97,34.14,0.3333,0.6,0.7,92.9,77.1,-0.3667,0.6667,0.6,0.7,90.3,74.4,-0.0333,0.6667,25.0,3,7.0,6.0,0,1,0.0,1730.0,1730.0,1,0.5,0.3913,0.1087,2.251,1.799,0.4442,0.5558,1.0,2.251,1.799,0.0,0.0,unknown,1.0,1.0,0,0,0.0,0,0,0,1.0
1801,2023,23,2023-08-19 03:45:00,Richmond,North Melbourne,M.C.G.,101.0,72.0,1.0,14,12,False,1498.55,1214.81,283.74,0.0,0.4,0.6,84.6,95.7,-0.6,0.0,0.0,0.0,70.9,99.4,0.0,0.75,27.75,4,5.0,7.0,0,0,0.0,0.0,0.0,0,0.6783,0.25,0.4283,1.155,7.44,0.8656,0.1344,1.0,1.155,7.44,0.0,0.0,unknown,1.0,1.0,0,0,0.0,0,0,0,1.0
1802,2023,23,2023-08-19 04:10:00,Gold Coast,Carlton,Carrara,87.0,91.0,0.0,8,3,False,1460.14,1567.28,-107.14,0.3333,0.4,0.4,77.6,87.9,-0.0667,1.0,1.0,0.8,91.4,63.2,0.2,0.4,-9.4,7,7.0,6.0,0,1,0.0,1730.0,1730.0,0,0.3659,0.5,-0.1341,2.477,1.677,0.4037,0.5963,1.0,2.477,1.677,0.0,0.0,unknown,1.0,1.0,0,0,0.0,0,0,0,1.0
1803,2023,23,2023-08-19 06:35:00,Greater Western Sydney,Essendon,Sydney Showground,162.0,36.0,1.0,9,5,False,1500.84,1472.54,28.3,0.3333,0.6,0.7,86.7,76.3,-0.3667,0.6667,0.4,0.5,79.3,88.1,0.1667,0.8,16.4,6,5.0,7.0,0,1,0.0,870.0,870.0,0,0.6818,0.1667,0.5151,1.382,3.617,0.7235,0.2765,1.0,1.382,3.617,0.0,0.0,unknown,1.0,1.0,0,0,0.0,0,0,0,1.0
1804,2023,23,2023-08-19 09:25:00,St Kilda,Geelong,Docklands,88.0,55.0,1.0,15,7,False,1496.84,1583.87,-87.03,0.6667,0.6,0.5,73.8,75.7,0.1667,0.3333,0.4,0.5,86.3,73.9,-0.1667,0.4,-21.0,6,6.0,7.0,0,0,0.0,0.0,0.0,0,0.4731,0.6667,-0.1936,2.339,1.747,0.4275,0.5725,1.0,2.339,1.747,0.0,0.0,unknown,1.0,1.0,0,0,0.0,0,0,0,1.0
1805,2023,23,2023-08-19 09:40:00,Adelaide,Sydney,Adelaide Oval,73.0,74.0,0.0,1,16,False,1459.56,1583.78,-124.23,0.6667,0.4,0.4,102.0,82.6,0.2667,1.0,1.0,0.6,97.5,77.9,0.4,0.3333,1.33,3,7.0,7.0,0,1,0.0,1170.0,1170.0,0,0.5981,0.4444,0.1537,1.536,2.867,0.6512,0.3488,1.0,1.536,2.867,0.0,0.0,unknown,1.0,1.0,0,0,0.0,0,0,0,1.0
1806,2023,23,2023-08-20 03:10:00,Western Bulldogs,West Coast,Docklands,85.0,92.0,0.0,18,17,False,1518.46,1235.63,282.83,0.3333,0.4,0.4,87.3,79.3,-0.0667,0.3333,0.2,0.1,56.1,121.2,0.2333,0.6,-8.2,6,7.0,7.0,0,1,0.0,2720.0,2720.0,0,0.6667,0.3889,0.2778,1.036,28.49,0.9649,0.0351,1.0,1.036,28.49,0.0,0.0,unknown,1.0,1.0,0,0,0.0,0,0,0,1.0
1807,2023,23,2023-08-20 05:20:00,Melbourne,Hawthorn,M.C.G.,87.0,60.0,1.0,11,10,False,1610.31,1422.22,188.09,0.6667,0.8,0.7,80.5,71.5,-0.0333,0.6667,0.6,0.4,80.0,91.7,0.2667,0.6,8.2,5,7.0,7.0,0,0,0.0,0.0,0.0,0,0.5347,0.4815,0.0532,1.233,5.299,0.8113,0.1887,1.0,1.233,5.299,0.0,0.0,unknown,1.0,1.0,0,0,0.0,0,0,0,1.0
1808,2023,23,2023-08-20 06:40:00,Fremantle,Port Adelaide,Perth Stadium,58.0,74.0,0.0,6,13,False,1491.87,1597.2,-105.33,0.6667,0.4,0.3,73.9,84.4,0.3667,0.3333,0.2,0.6,99.3,90.1,-0.2667,0.8,5.2,6,7.0,7.0,0,1,0.0,2130.0,2130.0,0,0.5741,,,2.639,1.61,0.379,0.621,1.0,2.639,1.61,0.0,0.0,unknown,1.0,1.0,0,0,0.0,0,0,0,1.0
1809,2023,24,2023-08-25 09:50:00,Essendon,Collingwood,M.C.G.,31.0,101.0,0.0,5,4,False,1460.09,1642.54,-182.45,0.6667,0.4,0.4,72.4,94.4,0.2667,0.3333,0.4,0.6,90.9,83.8,-0.2667,0.4,5.0,6,6.0,7.0,0,0,0.0,0.0,0.0,1,0.3833,0.5417,-0.1584,5.297,1.233,0.1888,0.8112,1.0,5.297,1.233,0.0,0.0,unknown,1.0,1.0,0,0,0.0,0,0,0,1.0
1811,2023,24,2023-08-26 03:45:00,North Melbourne,Gold Coast,Bellerive Oval,132.0,97.0,1.0,12,8,False,1210.72,1446.75,-236.03,0.0,0.0,0.0,68.2,99.0,0.0,0.0,0.2,0.3,75.1,88.3,-0.3,0.75,-2.0,4,7.0,6.0,1,1,310.0,2100.0,1790.0,1,0.4643,,,4.931,1.254,0.2028,0.7972,1.0,4.931,1.254,0.0,0.0,unknown,1.0,1.0,0,0,0.0,0,0,0,1.0
1810,2023,24,2023-08-26 03:45:00,Hawthorn,Fremantle,M.C.G.,56.0,93.0,0.0,10,6,False,1415.74,1478.4,-62.66,0.6667,0.4,0.4,76.4,85.3,0.2667,0.3333,0.4,0.3,72.7,83.3,0.0333,0.75,20.5,4,5.0,5.0,0,1,0.0,2720.0,2720.0,0,0.4756,0.4667,0.0089,1.787,2.27,0.5595,0.4405,1.0,1.787,2.27,0.0,0.0,unknown,1.0,1.0,0,0,0.0,0,0,0,1.0
1812,2023,24,2023-08-26 06:35:00,Brisbane Lions,St Kilda,Gabba,72.0,60.0,1.0,2,15,False,1643.54,1514.54,128.99,1.0,0.8,0.8,95.4,74.6,0.2,0.6667,0.8,0.5,74.6,74.6,0.1667,0.5,-7.75,4,7.0,6.0,0,1,0.0,1730.0,1730.0,0,0.5842,0.5556,0.0286,1.221,5.519,0.8188,0.1812,1.0,1.221,5.519,0.0,0.0,unknown,1.0,1.0,0,0,0.0,0,0,0,1.0
1813,2023,24,2023-08-26 09:25:00,Geelong,Western Bulldogs,Kardinia Park,79.0,104.0,0.0,7,18,False,1566.17,1490.57,75.6,0.3333,0.2,0.4,82.1,75.2,-0.0667,0.3333,0.4,0.4,88.3,78.8,-0.0667,1.0,25.0,6,7.0,6.0,0,0,0.0,0.0,0.0,0,0.8261,,,2.62,1.617,0.3817,0.6183,1.0,2.62,1.617,0.0,0.0,unknown,1.0,1.0,0,0,0.0,0,0,0,1.0
1814,2023,24,2023-08-26 10:10:00,West Coast,Adelaide,Perth Stadium,78.0,123.0,0.0,17,1,False,1263.53,1446.93,-183.4,0.3333,0.4,0.2,59.6,117.7,0.1333,0.3333,0.4,0.4,100.6,78.8,-0.0667,0.8,17.2,7,6.0,7.0,0,1,0.0,2130.0,2130.0,0,0.5,,,5.056,1.247,0.1978,0.8022,1.0,5.056,1.247,0.0,0.0,unknown,1.0,1.0,0,0,0.0,0,0,0,1.0
1815,2023,24,2023-08-27 02:30:00,Port Adelaide,Richmond,Adelaide Oval,94.0,63.0,1.0,13,14,False,1610.68,1502.64,108.04,0.6667,0.4,0.6,91.6,86.3,0.0667,0.3333,0.4,0.6,83.7,92.5,-0.2667,0.4,-5.6,9,6.0,7.0,0,1,0.0,730.0,730.0,0,0.6075,0.4118,0.1957,1.146,7.855,0.8727,0.1273,1.0,1.146,7.855,0.0,0.0,unknown,1.0,1.0,0,0,0.0,0,0,0,1.0
1816,2023,24,2023-08-27 05:20:00,Sydney,Melbourne,S.C.G.,56.0,77.0,0.0,16,11,False,1596.42,1616.79,-20.38,1.0,1.0,0.7,98.3,77.2,0.3,0.6667,0.8,0.7,83.1,73.1,-0.0333,0.6667,18.0,3,7.0,7.0,0,1,0.0,870.0,870.0,0,0.6292,,,1.876,2.141,0.533,0.467,1.0,1.876,2.141,0.0,0.0,unknown,1.0,1.0,0,0,0.0,0,0,0,1.0
1817,2023,24,2023-08-27 08:10:00,Carlton,Greater Western Sydney,Docklands,73.0,105.0,0.0,3,9,False,1580.67,1513.3,67.37,1.0,1.0,0.9,96.1,65.8,0.1,0.3333,0.6,0.8,92.5,68.9,-0.4667,0.4,-32.0,5,8.0,8.0,0,0,0.0,0.0,0.0,0,0.3654,0.4762,-0.1108,1.788,2.269,0.5593,0.4407,1.0,1.788,2.269,0.0,0.0,unknown,1.0,1.0,0,0,0.0,0,0,0,1.0
1818,2023,25,2023-09-07 09:20:00,Collingwood,Melbourne,M.C.G.,60.0,53.0,1.0,4,11,True,1650.83,1634.15,16.68,0.6667,0.4,0.7,94.8,80.3,-0.0333,0.6667,0.8,0.7,84.2,72.5,-0.0333,0.6,2.2,5,12.0,11.0,0,0,0.0,0.0,0.0,0,0.5455,0.5392,0.0063,2.019,1.981,0.4952,0.5048,1.0,2.019,1.981,0.0,0.0,unknown,1.0,1.0,0,0,0.0,0,0,0,1.0
1819,2023,25,2023-09-08 09:50:00,Carlton,Sydney,M.C.G.,74.0,68.0,1.0,3,16,True,1559.46,1579.06,-19.6,0.6667,0.8,0.9,98.2,67.7,-0.2333,0.6667,0.8,0.7,95.8,75.2,-0.0333,0.6,-8.0,5,12.0,12.0,0,1,0.0,870.0,870.0,0,0.3521,0.52,-0.1679,1.513,2.95,0.661,0.339,1.0,1.513,2.95,0.0,0.0,unknown,1.0,1.0,0,0,0.0,0,0,0,1.0
1820,2023,25,2023-09-09 05:20:00,St Kilda,Greater Western Sydney,M.C.G.,77.0,101.0,0.0,15,9,True,1506.13,1534.51,-28.38,0.6667,0.6,0.5,73.6,72.8,0.1667,0.6667,0.6,0.8,92.7,68.7,-0.1333,0.4,3.8,5,13.0,12.0,0,0,0.0,0.0,0.0,1,0.5263,0.25,0.2763,2.244,1.804,0.4456,0.5544,1.0,2.244,1.804,0.0,0.0,unknown,1.0,1.0,0,0,0.0,0,0,0,1.0
1821,2023,25,2023-09-09 09:25:00,Brisbane Lions,Port Adelaide,Gabba,123.0,75.0,1.0,2,13,True,1651.95,1619.86,32.09,1.0,0.8,0.8,92.9,72.5,0.2,1.0,0.6,0.6,90.3,84.1,0.4,0.8,6.2,7,14.0,13.0,0,1,0.0,1600.0,1600.0,0,0.5882,0.5,0.0882,1.477,3.098,0.6772,0.3228,1.0,1.477,3.098,0.0,0.0,unknown,1.0,1.0,0,0,0.0,0,0,0,1.0
1822,2023,26,2023-09-15 09:50:00,Melbourne,Carlton,M.C.G.,71.0,73.0,0.0,11,3,True,1621.19,1574.06,47.12,0.6667,0.6,0.7,83.2,70.7,-0.0333,0.6667,0.8,0.9,93.6,68.4,-0.2333,1.0,17.5,4,8.0,7.0,0,0,0.0,0.0,0.0,0,0.534,0.3611,0.1729,1.689,2.45,0.5919,0.4081,1.0,1.689,2.45,0.0,0.0,unknown,1.0,1.0,0,0,0.0,0,0,0,1.0
1823,2023,26,2023-09-16 09:40:00,Port Adelaide,Greater Western Sydney,Adelaide Oval,70.0,93.0,0.0,13,9,True,1607.57,1549.2,58.37,0.6667,0.6,0.5,86.8,89.2,0.1667,1.0,0.6,0.8,92.2,72.8,0.2,0.6,20.0,7,7.0,7.0,0,0,0.0,0.0,0.0,0,0.6111,0.4667,0.1444,1.713,2.403,0.5838,0.4162,1.0,1.713,2.403,0.0,0.0,unknown,1.0,1.0,0,0,0.0,0,0,0,1.0
1824,2023,27,2023-09-22 09:50:00,Collingwood,Greater Western Sydney,M.C.G.,58.0,57.0,1.0,4,9,True,1663.8,1570.04,93.76,0.6667,0.6,0.7,92.6,77.6,-0.0333,1.0,0.8,0.8,96.8,75.3,0.2,0.6,10.4,7,15.0,6.0,0,0,0.0,0.0,0.0,0,0.5492,0.2857,0.2635,1.601,2.665,0.6247,0.3753,1.0,1.601,2.665,0.0,0.0,unknown,1.0,1.0,0,0,0.0,0,0,0,1.0
1825,2023,27,2023-09-23 07:15:00,Brisbane Lions,Carlton,Gabba,79.0,63.0,1.0,2,3,True,1664.24,1594.42,69.82,1.0,1.0,0.8,96.8,74.4,0.2,0.6667,0.8,0.9,89.7,70.3,-0.2333,1.0,29.8,6,13.0,7.0,0,1,0.0,1730.0,1730.0,0,0.5922,0.1111,0.4811,1.372,3.687,0.7288,0.2712,1.0,1.372,3.687,0.0,0.0,unknown,1.0,1.0,0,0,0.0,0,0,0,1.0
1826,2023,28,2023-09-30 04:30:00,Collingwood,Brisbane Lions,M.C.G.,90.0,86.0,1.0,4,2,True,1673.53,1674.93,-1.4,1.0,0.8,0.7,86.4,79.1,0.3,1.0,1.0,0.8,91.3,75.4,0.2,0.5,12.75,4,7.0,6.0,0,1,0.0,1730.0,1730.0,0,0.5528,0.0667,0.4861,1.797,2.255,0.5566,0.4434,1.0,1.797,2.255,0.0,0.0,unknown,1.0,1.0,0,0,0.0,0,0,0,1.0
1827,2024,1,2024-03-14 08:30:00,Carlton,Richmond,M.C.G.,86.0,81.0,1.0,3,14,False,1562.8,1495.09,67.71,0.6667,0.6,0.8,86.2,73.7,-0.1333,0.3333,0.2,0.5,81.5,94.9,-0.1667,0.25,-19.5,4,173.0,200.0,0,0,0.0,0.0,0.0,0,0.3699,0.681,-0.3111,1.501,2.998,0.6664,0.3336,1.0,1.501,2.998,0.0,0.0,unknown,1.0,1.0,0,0,0.0,0,0,0,1.0
1828,2024,1,2024-03-15 08:40:00,Collingwood,Sydney,M.C.G.,69.0,102.0,0.0,4,16,False,1640.48,1548.34,92.14,1.0,0.8,0.7,86.5,80.0,0.3,0.3333,0.6,0.6,82.1,79.2,-0.2667,1.0,19.0,2,167.0,188.0,0,1,0.0,870.0,870.0,0,0.5565,0.5,0.0565,1.569,2.758,0.6374,0.3626,1.0,1.569,2.758,0.0,0.0,unknown,1.0,1.0,0,0,0.0,0,0,0,1.0
1829,2024,1,2024-03-16 02:45:00,Essendon,Hawthorn,M.C.G.,107.0,83.0,1.0,5,10,False,1463.84,1425.24,38.6,0.3333,0.4,0.3,66.9,99.3,0.0333,0.3333,0.4,0.3,72.2,87.3,0.0333,0.6,9.4,7,203.0,202.0,0,0,0.0,0.0,0.0,1,0.377,0.4699,-0.0929,1.894,2.118,0.5279,0.4721,1.0,1.894,2.118,0.0,0.0,unknown,1.0,1.0,0,0,0.0,0,0,0,1.0
1830,2024,1,2024-03-16 05:35:00,Greater Western Sydney,North Melbourne,Sydney Showground,121.0,82.0,1.0,9,12,False,1545.23,1302.13,243.09,0.6667,0.8,0.7,94.0,73.9,-0.0333,0.3333,0.2,0.1,73.9,98.4,0.2333,0.0,-38.0,2,175.0,203.0,0,1,0.0,870.0,870.0,0,0.6866,,,1.079,13.624,0.9266,0.0734,1.0,1.079,13.624,0.0,0.0,unknown,1.0,1.0,0,0,0.0,0,0,0,1.0
1831,2024,1,2024-03-16 08:30:00,Geelong,St Kilda,Kardinia Park,76.0,68.0,1.0,7,15,False,1533.47,1493.57,39.9,0.0,0.2,0.4,82.8,74.6,-0.4,0.3333,0.4,0.5,75.7,74.5,-0.1667,1.0,33.25,4,202.0,189.0,0,0,0.0,0.0,0.0,0,0.8085,,,1.458,3.183,0.6858,0.3142,1.0,1.458,3.183,0.0,0.0,unknown,1.0,1.0,0,0,0.0,0,0,0,1.0
1832,2024,1,2024-03-16 09:10:00,Gold Coast,Adelaide,Carrara,60.0,54.0,1.0,8,1,False,1440.97,1467.8,-26.83,0.0,0.2,0.3,78.7,89.5,-0.3,0.3333,0.6,0.4,95.5,81.4,-0.0667,0.6,-8.2,7,203.0,202.0,0,1,0.0,1600.0,1600.0,0,0.3614,0.5,-0.1386,1.682,2.465,0.5944,0.4056,1.0,1.682,2.465,0.0,0.0,unknown,1.0,1.0,0,0,0.0,0,0,0,1.0
1833,2024,1,2024-03-17 02:00:00,Melbourne,Western Bulldogs,M.C.G.,109.0,64.0,1.0,11,18,False,1575.62,1509.09,66.54,0.3333,0.4,0.7,85.8,73.3,-0.3667,0.3333,0.4,0.5,90.2,76.0,-0.1667,0.8,36.0,7,183.0,203.0,0,0,0.0,0.0,0.0,0,0.5288,0.55,-0.0212,1.59,2.695,0.6289,0.3711,1.0,1.59,2.695,0.0,0.0,unknown,1.0,1.0,0,0,0.0,0,0,0,1.0
1834,2024,1,2024-03-17 05:00:00,Port Adelaide,West Coast,Adelaide Oval,120.0,70.0,1.0,13,17,False,1565.05,1315.04,250.02,0.3333,0.6,0.4,86.0,91.1,-0.0667,0.3333,0.4,0.2,62.2,112.6,0.1333,0.6,33.2,8,182.0,203.0,0,1,0.0,2130.0,2130.0,0,0.6055,0.5333,0.0722,1.08,13.423,0.9255,0.0745,1.0,1.08,13.423,0.0,0.0,unknown,1.0,1.0,0,0,0.0,0,0,0,1.0
1835,2024,1,2024-03-17 07:50:00,Fremantle,Brisbane Lions,Perth Stadium,93.0,70.0,1.0,6,2,False,1495.36,1620.87,-125.5,0.6667,0.6,0.4,78.4,78.3,0.2667,0.6667,0.8,0.7,88.3,80.9,-0.0333,0.4,-21.4,6,204.0,169.0,0,1,0.0,4390.0,4390.0,0,0.5636,,,2.354,1.739,0.4248,0.5752,1.0,2.354,1.739,0.0,0.0,unknown,1.0,1.0,0,0,0.0,0,0,0,1.0
1836,2024,2,2024-03-21 08:30:00,St Kilda,Collingwood,M.C.G.,94.0,79.0,1.0,15,4,False,1481.62,1618.28,-136.65,0.0,0.4,0.4,74.0,74.4,-0.4,0.6667,0.8,0.6,82.1,83.5,0.0667,0.3333,-5.33,3,5.0,5.0,0,0,0.0,0.0,0.0,1,0.5,0.552,-0.052,2.598,1.626,0.3849,0.6151,1.0,2.598,1.626,0.0,0.0,unknown,1.0,1.0,0,0,0.0,0,0,0,1.0
1837,2024,2,2024-03-22 08:40:00,Adelaide,Geelong,Adelaide Oval,77.0,96.0,0.0,1,7,False,1452.87,1545.42,-92.56,0.3333,0.4,0.4,92.9,79.2,-0.0667,0.3333,0.4,0.4,82.6,75.1,-0.0667,0.6,7.2,7,5.0,6.0,0,1,0.0,730.0,730.0,0,0.5926,0.5294,0.0632,1.444,3.25,0.6923,0.3077,1.0,1.444,3.25,0.0,0.0,unknown,1.0,1.0,0,0,0.0,0,0,0,1.0
1838,2024,2,2024-03-23 02:45:00,North Melbourne,Fremantle,Docklands,76.0,102.0,0.0,12,6,False,1297.14,1514.79,-217.65,0.3333,0.2,0.1,73.7,100.0,0.2333,0.6667,0.6,0.4,78.4,79.2,0.2667,0.5,-6.5,4,6.0,5.0,0,1,0.0,2720.0,2720.0,0,0.3333,0.381,-0.0477,3.184,1.458,0.3141,0.6859,1.0,3.184,1.458,0.0,0.0,unknown,1.0,1.0,0,0,0.0,0,0,0,1.0
1839,2024,2,2024-03-23 05:35:00,Hawthorn,Melbourne,M.C.G.,38.0,93.0,0.0,10,11,False,1411.01,1586.45,-175.43,0.0,0.4,0.3,77.1,87.9,-0.3,0.3333,0.6,0.7,88.8,73.9,-0.3667,0.2,-22.6,7,7.0,6.0,0,0,0.0,0.0,0.0,0,0.4643,0.5333,-0.069,3.842,1.352,0.2603,0.7397,1.0,3.842,1.352,0.0,0.0,unknown,1.0,1.0,0,0,0.0,0,0,0,1.0
1840,2024,2,2024-03-23 08:30:00,Sydney,Essendon,S.C.G.,131.0,101.0,1.0,16,5,False,1570.54,1478.07,92.47,0.3333,0.6,0.7,86.9,80.7,-0.3667,0.3333,0.6,0.4,71.5,98.3,-0.0667,0.8,25.0,8,7.0,7.0,0,1,0.0,870.0,870.0,0,0.6222,0.1429,0.4793,1.215,5.653,0.8231,0.1769,1.0,1.215,5.653,0.0,0.0,unknown,1.0,1.0,0,0,0.0,0,0,0,1.0
1841,2024,2,2024-03-24 02:00:00,Western Bulldogs,Gold Coast,Eureka Stadium,115.0,67.0,1.0,18,8,False,1498.26,1455.9,42.36,0.3333,0.4,0.4,86.1,78.5,-0.0667,0.3333,0.2,0.3,74.6,91.5,0.0333,0.8,27.8,7,7.0,7.0,0,0,0.0,0.0,0.0,1,0.75,,,1.643,2.555,0.6086,0.3914,1.0,1.643,2.555,0.0,0.0,unknown,1.0,1.0,0,0,0.0,0,0,0,1.0
1842,2024,2,2024-03-24 05:00:00,Richmond,Port Adelaide,M.C.G.,92.0,122.0,0.0,14,13,False,1484.31,1569.88,-85.57,0.3333,0.2,0.4,80.6,96.5,-0.0667,0.3333,0.6,0.4,87.4,90.8,-0.0667,0.5,1.25,4,9.0,7.0,0,1,0.0,730.0,730.0,0,0.6752,0.5294,0.1458,3.282,1.438,0.3047,0.6953,1.0,3.282,1.438,0.0,0.0,unknown,1.0,1.0,0,0,0.0,0,0,0,1.0
1843,2024,2,2024-03-24 07:50:00,West Coast,Greater Western Sydney,Perth Stadium,43.0,108.0,0.0,17,9,False,1310.21,1550.22,-240.02,0.3333,0.2,0.2,65.8,104.1,0.1333,0.6667,0.8,0.7,99.0,76.4,-0.0333,0.8,17.2,6,7.0,8.0,0,0,0.0,0.0,0.0,0,0.4915,0.125,0.3665,10.695,1.103,0.0935,0.9065,1.0,10.695,1.103,0.0,0.0,unknown,1.0,1.0,0,0,0.0,0,0,0,1.0
1844,2024,3,2024-03-28 08:30:00,Brisbane Lions,Collingwood,Gabba,72.0,92.0,0.0,2,4,False,1601.44,1596.29,5.15,0.3333,0.6,0.7,84.9,79.7,-0.3667,0.3333,0.6,0.5,81.5,84.6,-0.1667,0.8,14.2,8,11.0,7.0,0,1,0.0,1730.0,1730.0,0,0.5962,0.5333,0.0629,1.472,3.12,0.6795,0.3205,1.0,1.472,3.12,0.0,0.0,unknown,1.0,1.0,0,0,0.0,0,0,0,1.0
1845,2024,3,2024-03-29 05:20:00,North Melbourne,Carlton,Docklands,81.0,137.0,0.0,12,3,False,1288.31,1573.58,-285.27,0.3333,0.2,0.1,74.1,96.4,0.2333,0.6667,0.6,0.8,82.6,74.6,-0.1333,0.5,30.75,4,6.0,14.0,0,0,0.0,0.0,0.0,0,0.3293,0.3585,-0.0292,5.914,1.204,0.1691,0.8309,1.0,5.914,1.204,0.0,0.0,unknown,1.0,1.0,0,0,0.0,0,0,0,1.0
1846,2024,3,2024-03-29 08:30:00,Fremantle,Adelaide,Perth Stadium,69.0,34.0,1.0,6,1,False,1523.61,1438.82,84.8,1.0,0.8,0.5,81.3,76.6,0.5,0.3333,0.2,0.3,86.8,81.6,0.0333,0.5,-34.5,2,6.0,6.0,0,1,0.0,2130.0,2130.0,0,0.5714,,,1.749,2.334,0.5716,0.4284,1.0,1.749,2.334,0.0,0.0,unknown,1.0,1.0,0,0,0.0,0,0,0,1.0
1847,2024,3,2024-03-30 05:20:00,Essendon,St Kilda,Docklands,71.0,67.0,1.0,5,15,False,1468.29,1503.61,-35.32,0.3333,0.4,0.4,74.2,103.6,-0.0667,0.3333,0.4,0.5,77.6,74.4,-0.1667,0.4,-2.8,5,6.0,8.0,0,0,0.0,0.0,0.0,0,0.5254,0.4787,0.0467,2.157,1.865,0.4637,0.5363,1.0,2.157,1.865,0.0,0.0,unknown,1.0,1.0,0,0,0.0,0,0,0,1.0
1848,2024,3,2024-03-30 08:30:00,Port Adelaide,Melbourne,Adelaide Oval,89.0,96.0,0.0,13,11,False,1584.25,1596.91,-12.66,0.6667,0.6,0.5,92.4,87.8,0.1667,0.6667,0.6,0.7,87.6,67.3,-0.0333,0.4,-17.8,5,6.0,7.0,0,1,0.0,730.0,730.0,0,0.6091,0.6429,-0.0338,1.555,2.801,0.643,0.357,1.0,1.555,2.801,0.0,0.0,unknown,1.0,1.0,0,0,0.0,0,0,0,1.0
1849,2024,3,2024-03-31 02:00:00,Western Bulldogs,West Coast,Docklands,106.0,30.0,1.0,18,17,False,1512.32,1302.18,210.14,0.6667,0.4,0.4,87.4,77.9,0.2667,0.0,0.2,0.2,62.4,106.4,-0.2,0.4,-11.2,7,7.0,6.0,0,1,0.0,2720.0,2720.0,0,0.6591,0.4211,0.238,1.061,17.301,0.9422,0.0578,1.0,1.061,17.301,0.0,0.0,unknown,1.0,1.0,0,0,0.0,0,0,0,1.0
1850,2024,3,2024-03-31 05:00:00,Richmond,Sydney,M.C.G.,82.0,77.0,1.0,14,16,False,1469.94,1580.33,-110.38,0.0,0.2,0.4,84.5,95.3,-0.4,0.6667,0.6,0.8,92.5,82.0,-0.1333,0.6,-9.2,8,7.0,7.0,0,1,0.0,870.0,870.0,0,0.6695,0.5185,0.151,4.219,1.311,0.237,0.763,1.0,4.219,1.311,0.0,0.0,unknown,1.0,1.0,0,0,0.0,0,0,0,1.0
1851,2024,3,2024-04-01 04:20:00,Hawthorn,Geelong,M.C.G.,70.0,106.0,0.0,10,7,False,1400.55,1559.47,-158.92,0.0,0.2,0.3,75.7,86.0,-0.3,0.6667,0.4,0.5,86.8,77.4,0.1667,0.6,-4.8,5,8.0,9.0,0,0,0.0,0.0,0.0,0,0.4588,0.5818,-0.123,3.158,1.463,0.3167,0.6833,1.0,3.158,1.463,0.0,0.0,unknown,1.0,1.0,0,0,0.0,0,0,0,1.0
1852,2024,4,2024-04-04 08:40:00,Adelaide,Melbourne,Adelaide Oval,63.0,78.0,0.0,1,11,False,1428.73,1614.62,-185.89,0.0,0.2,0.3,80.5,77.0,-0.3,1.0,0.6,0.7,87.5,66.9,0.3,0.2,-26.6,6,6.0,5.0,0,1,0.0,730.0,730.0,0,0.5872,0.6667,-0.0795,2.585,1.631,0.3868,0.6132,1.0,2.585,1.631,0.0,0.0,unknown,1.0,1.0,0,0,0.0,0,0,0,1.0
1853,2024,4,2024-04-05 06:10:00,Brisbane Lions,North Melbourne,Norwood Oval,112.0,42.0,1.0,2,12,False,1582.93,1281.74,301.18,0.0,0.4,0.6,85.7,83.6,-0.6,0.0,0.2,0.1,75.9,97.6,-0.1,0.6,28.2,7,7.0,7.0,1,1,1600.0,730.0,-870.0,1,,,,1.144,7.93,0.8739,0.1261,1.0,1.144,7.93,0.0,0.0,unknown,1.0,1.0,0,0,0.0,0,0,0,1.0
1854,2024,4,2024-04-05 09:10:00,Port Adelaide,Essendon,Adelaide Oval,111.0,42.0,1.0,13,5,False,1566.54,1483.61,82.92,0.6667,0.4,0.5,93.0,88.9,0.1667,0.6667,0.4,0.4,69.8,100.6,0.2667,0.8,20.6,6,6.0,6.0,0,1,0.0,730.0,730.0,0,0.6036,0.4167,0.1869,1.258,4.876,0.7949,0.2051,1.0,1.258,4.876,0.0,0.0,unknown,1.0,1.0,0,0,0.0,0,0,0,1.0
1855,2024,4,2024-04-06 02:30:00,West Coast,Sydney,Adelaide Hills,78.0,104.0,0.0,17,16,False,1296.33,1561.57,-265.25,0.0,0.2,0.2,61.9,105.4,-0.2,0.6667,0.4,0.7,92.4,82.6,-0.0333,0.6,4.0,5,6.0,5.0,0,0,0.0,0.0,0.0,1,,,,18.248,1.058,0.0548,0.9452,1.0,18.248,1.058,0.0,0.0,unknown,1.0,1.0,0,0,0.0,0,0,0,1.0
1856,2024,4,2024-04-06 05:20:00,Fremantle,Carlton,Adelaide Oval,63.0,73.0,0.0,6,3,False,1533.7,1580.14,-46.44,1.0,0.8,0.6,83.7,70.2,0.4,0.6667,0.8,0.8,82.3,75.8,-0.1333,0.2,-8.4,9,7.0,8.0,1,1,2130.0,730.0,-1400.0,1,0.25,0.0,0.25,2.467,1.682,0.4054,0.5946,1.0,2.467,1.682,0.0,0.0,unknown,1.0,1.0,0,0,0.0,0,0,0,1.0
1857,2024,4,2024-04-06 09:10:00,Western Bulldogs,Geelong,Adelaide Oval,91.0,95.0,0.0,18,7,False,1518.17,1570.61,-52.45,0.6667,0.6,0.5,90.3,72.0,0.1667,1.0,0.6,0.5,84.9,78.1,0.5,0.4,-5.6,6,6.0,5.0,1,1,730.0,730.0,0.0,1,0.4167,0.5556,-0.1389,2.012,1.988,0.497,0.503,1.0,2.012,1.988,0.0,0.0,unknown,1.0,1.0,0,0,0.0,0,0,0,1.0
1858,2024,4,2024-04-07 02:30:00,Gold Coast,Greater Western Sydney,Adelaide Hills,89.0,117.0,0.0,8,9,False,1441.84,1558.25,-116.41,0.3333,0.2,0.3,77.1,91.0,0.0333,0.6667,0.8,0.7,99.5,74.4,-0.0333,0.0,-30.25,4,14.0,13.0,0,0,0.0,0.0,0.0,1,,,,3.824,1.354,0.2615,0.7385,1.0,3.824,1.354,0.0,0.0,unknown,1.0,1.0,0,0,0.0,0,0,0,1.0
1859,2024,4,2024-04-07 05:20:00,Richmond,St Kilda,Norwood Oval,60.0,67.0,0.0,14,15,False,1488.7,1488.29,0.41,0.3333,0.4,0.4,83.9,95.5,-0.0667,0.3333,0.2,0.5,79.2,73.8,-0.1667,0.8,16.0,6,7.0,8.0,1,1,730.0,730.0,0.0,1,,,,3.174,1.46,0.3151,0.6849,1.0,3.174,1.46,0.0,0.0,unknown,1.0,1.0,0,0,0.0,0,0,0,1.0
1860,2024,4,2024-04-07 07:10:00,Collingwood,Hawthorn,Adelaide Oval,77.0,72.0,1.0,4,10,False,1614.81,1389.41,225.4,0.3333,0.6,0.6,83.1,82.5,-0.2667,0.0,0.0,0.3,75.5,88.1,-0.3,0.6667,13.33,3,9.0,6.0,1,1,730.0,730.0,0.0,1,0.7273,0.4615,0.2658,1.242,5.128,0.805,0.195,1.0,1.242,5.128,0.0,0.0,unknown,1.0,1.0,0,0,0.0,0,0,0,1.0
1861,2024,5,2024-04-11 09:30:00,Melbourne,Brisbane Lions,M.C.G.,60.0,82.0,0.0,11,2,False,1624.67,1587.73,36.94,1.0,0.8,0.7,82.3,63.4,0.3,0.3333,0.4,0.7,91.4,78.2,-0.3667,0.8,21.4,9,7.0,6.0,0,1,0.0,1730.0,1730.0,0,0.5377,0.0625,0.4752,1.523,2.912,0.6566,0.3434,1.0,1.523,2.912,0.0,0.0,unknown,1.0,1.0,0,0,0.0,0,0,0,1.0
1862,2024,5,2024-04-12 09:40:00,Western Bulldogs,Essendon,Docklands,67.0,96.0,0.0,18,5,False,1504.57,1473.45,31.11,0.6667,0.6,0.5,91.8,73.7,0.1667,0.3333,0.4,0.4,69.5,99.5,-0.0667,0.8,23.8,5,6.0,7.0,0,0,0.0,0.0,0.0,0,0.6629,0.5333,0.1296,1.371,3.695,0.7294,0.2706,1.0,1.371,3.695,0.0,0.0,unknown,1.0,1.0,0,0,0.0,0,0,0,1.0
1863,2024,5,2024-04-13 03:45:00,Greater Western Sydney,St Kilda,Manuka Oval,80.0,79.0,1.0,9,15,False,1569.08,1504.31,64.78,1.0,0.8,0.7,103.4,76.0,0.3,0.6667,0.4,0.5,79.0,73.7,0.1667,0.4,6.4,6,6.0,5.0,0,1,0.0,650.0,650.0,1,0.3333,,,1.301,4.318,0.7684,0.2316,1.0,1.301,4.318,0.0,0.0,unknown,1.0,1.0,0,0,0.0,0,0,0,1.0
1864,2024,5,2024-04-13 06:35:00,Carlton,Adelaide,Docklands,98.0,100.0,0.0,3,1,False,1594.02,1418.69,175.33,1.0,0.8,0.8,80.3,74.5,0.2,0.0,0.2,0.3,81.1,77.7,-0.3,0.6,-7.0,8,7.0,8.0,0,1,0.0,730.0,730.0,0,0.3704,0.4444,-0.074,1.327,4.054,0.7533,0.2467,1.0,1.327,4.054,0.0,0.0,unknown,1.0,1.0,0,0,0.0,0,0,0,1.0
1865,2024,5,2024-04-13 09:30:00,Gold Coast,Hawthorn,Carrara,109.0,56.0,1.0,8,10,False,1431.01,1382.54,48.47,0.3333,0.2,0.3,78.7,92.1,0.0333,0.0,0.0,0.2,73.9,91.8,-0.2,1.0,64.25,4,6.0,6.0,0,1,0.0,1730.0,1730.0,0,0.369,,,1.323,4.098,0.756,0.244,1.0,1.323,4.098,0.0,0.0,unknown,1.0,1.0,0,0,0.0,0,0,0,1.0
1866,2024,5,2024-04-13 09:30:00,Port Adelaide,Fremantle,Adelaide Oval,66.0,63.0,1.0,13,6,False,1576.7,1519.83,56.87,0.6667,0.6,0.6,97.6,81.9,0.0667,0.6667,0.8,0.6,83.3,66.2,0.0667,1.0,59.4,5,8.0,7.0,0,1,0.0,2130.0,2130.0,0,0.6071,0.2308,0.3763,1.302,4.316,0.7683,0.2317,1.0,1.302,4.316,0.0,0.0,unknown,1.0,1.0,0,0,0.0,0,0,0,1.0
1867,2024,5,2024-04-14 03:00:00,Geelong,North Melbourne,Kardinia Park,139.0,64.0,1.0,7,12,False,1584.22,1276.94,307.28,1.0,0.8,0.5,82.2,82.7,0.5,0.0,0.2,0.1,76.1,100.0,-0.1,1.0,58.4,9,7.0,8.0,0,0,0.0,0.0,0.0,0,0.8125,,,1.057,18.587,0.9462,0.0538,1.0,1.057,18.587,0.0,0.0,unknown,1.0,1.0,0,0,0.0,0,0,0,1.0
1868,2024,5,2024-04-14 06:00:00,West Coast,Richmond,Perth Stadium,109.0,70.0,1.0,17,14,False,1290.62,1472.68,-182.06,0.0,0.0,0.2,63.7,106.0,-0.2,0.3333,0.2,0.3,80.1,96.2,0.0333,0.6,-5.6,5,8.0,7.0,0,1,0.0,2720.0,2720.0,0,0.4833,0.7143,-0.231,2.936,1.517,0.3406,0.6594,1.0,2.936,1.517,0.0,0.0,unknown,1.0,1.0,0,0,0.0,0,0,0,1.0
1869,2024,6,2024-04-18 09:30:00,St Kilda,Western Bulldogs,Docklands,64.0,124.0,0.0,15,18,False,1491.25,1484.9,6.36,0.3333,0.4,0.4,74.7,72.4,-0.0667,0.3333,0.4,0.4,89.5,78.4,-0.0667,0.6,-4.6,6,5.0,5.0,0,0,0.0,0.0,0.0,0,0.4737,0.6556,-0.1819,1.985,2.015,0.5037,0.4963,1.0,1.985,2.015,0.0,0.0,unknown,1.0,1.0,0,0,0.0,0,0,0,1.0
1870,2024,6,2024-04-19 09:40:00,Adelaide,Essendon,Adelaide Oval,75.0,78.0,0.0,1,5,False,1443.82,1493.12,-49.3,0.3333,0.2,0.4,81.8,77.8,-0.0667,0.6667,0.6,0.5,74.2,97.2,0.1667,0.5,30.75,4,6.0,7.0,0,1,0.0,730.0,730.0,0,0.5818,0.3846,0.1972,1.463,3.158,0.6833,0.3167,1.0,1.463,3.158,0.0,0.0,unknown,1.0,1.0,0,0,0.0,0,0,0,1.0
1871,2024,6,2024-04-20 03:45:00,Collingwood,Port Adelaide,M.C.G.,123.0,81.0,1.0,4,13,False,1621.68,1587.93,33.75,0.6667,0.6,0.7,83.5,79.2,-0.0333,0.6667,0.8,0.7,95.7,78.5,-0.0333,0.6,19.8,8,12.0,6.0,0,1,0.0,730.0,730.0,0,0.5476,0.5556,-0.008,1.803,2.245,0.5545,0.4455,1.0,1.803,2.245,0.0,0.0,unknown,1.0,1.0,0,0,0.0,0,0,0,1.0
1872,2024,6,2024-04-20 06:35:00,Carlton,Greater Western Sydney,Docklands,117.0,98.0,1.0,3,9,False,1568.89,1582.13,-13.25,0.6667,0.6,0.7,82.8,79.1,-0.0333,1.0,0.8,0.8,102.9,74.3,0.2,0.4,-22.8,6,7.0,7.0,0,0,0.0,0.0,0.0,0,0.3636,0.5,-0.1364,1.896,2.116,0.5274,0.4726,1.0,1.896,2.116,0.0,0.0,unknown,1.0,1.0,0,0,0.0,0,0,0,1.0
1873,2024,6,2024-04-20 09:30:00,Brisbane Lions,Geelong,Gabba,37.0,63.0,0.0,2,7,False,1607.65,1587.85,19.8,0.6667,0.4,0.7,91.9,76.8,-0.0333,1.0,1.0,0.6,90.8,82.7,0.4,0.6,-13.8,6,9.0,6.0,0,1,0.0,1730.0,1730.0,0,0.5905,0.6364,-0.0459,1.618,2.618,0.6181,0.3819,1.0,1.618,2.618,0.0,0.0,unknown,1.0,1.0,0,0,0.0,0,0,0,1.0
1874,2024,6,2024-04-20 10:10:00,West Coast,Fremantle,Perth Stadium,105.0,68.0,1.0,17,6,False,1312.42,1508.6,-196.18,0.3333,0.2,0.3,67.7,99.0,0.0333,0.3333,0.6,0.6,82.0,62.3,-0.2667,0.6,-5.2,8,6.0,7.0,0,0,0.0,0.0,0.0,0,0.4918,0.5789,-0.0871,6.098,1.196,0.164,0.836,1.0,6.098,1.196,0.0,0.0,unknown,1.0,1.0,0,0,0.0,0,0,0,1.0
1875,2024,6,2024-04-21 03:05:00,Sydney,Gold Coast,S.C.G.,110.0,57.0,1.0,16,8,False,1567.28,1442.6,124.69,0.6667,0.6,0.7,92.3,82.8,-0.0333,0.3333,0.4,0.3,81.9,92.6,0.0333,0.6,21.4,8,15.0,7.0,0,1,0.0,980.0,980.0,0,0.6264,0.5,0.1264,1.383,3.613,0.7232,0.2768,1.0,1.383,3.613,0.0,0.0,unknown,1.0,1.0,0,0,0.0,0,0,0,1.0
1876,2024,6,2024-04-21 06:05:00,North Melbourne,Hawthorn,Docklands,68.0,113.0,0.0,12,10,False,1273.31,1370.96,-97.65,0.0,0.0,0.1,76.4,107.0,-0.1,0.0,0.0,0.2,70.0,93.1,-0.2,0.4,-10.6,6,7.0,7.0,0,0,0.0,0.0,0.0,0,0.3253,0.5556,-0.2303,3.304,1.434,0.3027,0.6973,1.0,3.304,1.434,0.0,0.0,unknown,1.0,1.0,0,0,0.0,0,0,0,1.0
1877,2024,7,2024-04-24 09:25:00,Richmond,Melbourne,M.C.G.,42.0,85.0,0.0,14,11,False,1450.87,1604.74,-153.87,0.3333,0.2,0.2,77.5,97.6,0.1333,0.6667,0.8,0.6,78.0,64.5,0.0667,0.4,-6.0,5,10.0,12.0,0,0,0.0,0.0,0.0,0,0.6723,0.5327,0.1396,5.949,1.202,0.1681,0.8319,1.0,5.949,1.202,0.0,0.0,unknown,1.0,1.0,0,0,0.0,0,0,0,1.0
1879,2024,7,2024-04-25 09:35:00,Greater Western Sydney,Brisbane Lions,Manuka Oval,113.0,59.0,1.0,9,2,False,1567.82,1588.48,-20.66,0.6667,0.8,0.8,104.2,72.4,-0.1333,0.6667,0.4,0.6,85.7,73.8,0.0667,0.2,-13.4,6,5.0,5.0,0,1,0.0,1250.0,1250.0,1,0.375,,,2.04,1.962,0.4902,0.5098,1.0,2.04,1.962,0.0,0.0,unknown,1.0,1.0,0,0,0.0,0,0,0,1.0
1880,2024,7,2024-04-26 09:40:00,Port Adelaide,St Kilda,Adelaide Oval,82.0,72.0,1.0,13,15,False,1575.71,1472.68,103.03,0.6667,0.6,0.6,90.2,82.3,0.0667,0.3333,0.4,0.4,75.7,77.5,-0.0667,0.8,19.2,6,6.0,8.0,0,1,0.0,730.0,730.0,0,0.6106,0.2143,0.3963,1.241,5.149,0.8058,0.1942,1.0,1.241,5.149,0.0,0.0,unknown,1.0,1.0,0,0,0.0,0,0,0,1.0
1881,2024,7,2024-04-27 03:45:00,North Melbourne,Adelaide,Bellerive Oval,81.0,138.0,0.0,12,1,False,1259.49,1427.79,-168.29,0.0,0.0,0.1,76.5,111.1,-0.1,0.3333,0.2,0.3,78.1,79.1,0.0333,0.6,8.4,6,5.0,7.0,1,1,310.0,1020.0,710.0,1,0.4828,,,5.467,1.224,0.1829,0.8171,1.0,5.467,1.224,0.0,0.0,unknown,1.0,1.0,0,0,0.0,0,0,0,1.0
1882,2024,7,2024-04-27 06:35:00,Geelong,Carlton,M.C.G.,118.0,105.0,1.0,7,3,False,1607.02,1583.2,23.82,1.0,1.0,0.7,90.7,79.3,0.3,0.6667,0.8,0.7,88.5,83.3,-0.0333,0.75,42.75,4,6.0,7.0,0,0,0.0,0.0,0.0,1,0.5893,0.3784,0.2109,1.75,2.333,0.5714,0.4286,1.0,1.75,2.333,0.0,0.0,unknown,1.0,1.0,0,0,0.0,0,0,0,1.0
1883,2024,7,2024-04-27 09:40:00,Fremantle,Western Bulldogs,Perth Stadium,95.0,71.0,1.0,6,18,False,1486.24,1503.47,-17.23,0.0,0.4,0.5,81.7,66.4,-0.5,0.3333,0.6,0.5,94.6,77.0,-0.1667,0.4,-15.0,8,6.0,9.0,0,1,0.0,2720.0,2720.0,0,0.569,0.5,0.069,1.99,2.01,0.5026,0.4974,1.0,1.99,2.01,0.0,0.0,unknown,1.0,1.0,0,0,0.0,0,0,0,1.0
1884,2024,7,2024-04-28 03:00:00,Gold Coast,West Coast,Carrara,112.0,75.0,1.0,8,17,False,1434.02,1334.78,99.24,0.3333,0.4,0.3,81.3,93.3,0.0333,0.6667,0.4,0.3,71.0,99.1,0.3667,0.75,12.5,4,6.0,7.0,0,1,0.0,4390.0,4390.0,0,0.3765,0.2222,0.1543,1.18,6.557,0.8475,0.1525,1.0,1.18,6.557,0.0,0.0,unknown,1.0,1.0,0,0,0.0,0,0,0,1.0
1885,2024,7,2024-04-28 06:00:00,Hawthorn,Sydney,M.C.G.,42.0,118.0,0.0,10,16,False,1384.78,1575.86,-191.08,0.3333,0.2,0.3,72.0,87.7,0.0333,0.6667,0.8,0.7,93.2,78.6,-0.0333,0.2,-12.2,5,6.0,7.0,0,1,0.0,870.0,870.0,0,0.4535,0.5,-0.0465,3.986,1.335,0.2509,0.7491,1.0,3.986,1.335,0.0,0.0,unknown,1.0,1.0,0,0,0.0,0,0,0,1.0
1886,2024,8,2024-05-02 09:30:00,Adelaide,Port Adelaide,Adelaide Oval,78.0,48.0,1.0,1,13,False,1436.59,1585.09,-148.5,0.6667,0.4,0.3,83.0,81.1,0.3667,0.6667,0.6,0.6,91.0,83.7,0.0667,0.6,-1.4,8,5.0,5.0,0,0,0.0,0.0,0.0,0,0.5766,0.614,-0.0374,2.278,1.782,0.4389,0.5611,1.0,2.278,1.782,0.0,0.0,unknown,1.0,1.0,0,0,0.0,0,0,0,1.0
1887,2024,8,2024-05-03 09:40:00,Carlton,Collingwood,M.C.G.,79.0,85.0,0.0,3,4,False,1568.29,1628.38,-60.09,0.3333,0.6,0.6,89.9,86.4,-0.2667,0.6667,0.6,0.7,83.4,73.3,-0.0333,0.0,-18.6,8,6.0,8.0,0,0,0.0,0.0,0.0,0,0.3733,0.5469,-0.1736,1.592,2.688,0.628,0.372,1.0,1.592,2.688,0.0,0.0,unknown,1.0,1.0,0,0,0.0,0,0,0,1.0
1888,2024,8,2024-05-04 03:45:00,Sydney,Greater Western Sydney,S.C.G.,98.0,69.0,1.0,16,9,False,1585.69,1584.77,0.92,1.0,0.8,0.7,95.4,74.3,0.3,0.6667,0.8,0.8,99.3,74.7,-0.1333,0.4,22.0,12,5.0,8.0,0,0,0.0,0.0,0.0,0,0.6304,0.5556,0.0748,1.877,2.14,0.5327,0.4673,1.0,1.877,2.14,0.0,0.0,unknown,1.0,1.0,0,0,0.0,0,0,0,1.0
1889,2024,8,2024-05-04 06:35:00,St Kilda,North Melbourne,Docklands,103.0,65.0,1.0,15,12,False,1463.31,1250.69,212.62,0.0,0.2,0.3,73.6,80.0,-0.3,0.0,0.0,0.1,77.5,114.6,-0.1,0.8,21.4,6,7.0,7.0,0,0,0.0,0.0,0.0,0,0.4688,0.3214,0.1474,1.143,8.013,0.8752,0.1248,1.0,1.143,8.013,0.0,0.0,unknown,1.0,1.0,0,0,0.0,0,0,0,1.0
1890,2024,8,2024-05-04 09:30:00,Melbourne,Geelong,M.C.G.,74.0,66.0,1.0,11,7,False,1616.1,1621.92,-5.83,0.6667,0.8,0.7,80.9,62.7,-0.0333,1.0,1.0,0.7,92.8,81.3,0.3,0.6,26.2,5,10.0,7.0,0,0,0.0,0.0,0.0,0,0.537,0.5965,-0.0595,2.16,1.862,0.463,0.537,1.0,2.16,1.862,0.0,0.0,unknown,1.0,1.0,0,0,0.0,0,0,0,1.0
1891,2024,8,2024-05-04 10:10:00,West Coast,Essendon,Perth Stadium,71.0,77.0,0.0,17,5,False,1325.26,1514.66,-189.4,0.6667,0.4,0.3,71.3,103.0,0.3667,0.6667,0.6,0.5,73.3,95.9,0.1667,0.6,2.8,9,6.0,9.0,0,1,0.0,2720.0,2720.0,0,0.5,0.375,0.125,2.947,1.514,0.3393,0.6607,1.0,2.947,1.514,0.0,0.0,unknown,1.0,1.0,0,0,0.0,0,0,0,1.0
1892,2024,8,2024-05-05 03:00:00,Richmond,Fremantle,M.C.G.,49.0,103.0,0.0,14,6,False,1439.52,1500.73,-61.22,0.0,0.2,0.2,71.9,93.1,-0.2,0.3333,0.4,0.6,83.8,65.8,-0.2667,0.4,19.6,5,10.0,7.0,0,1,0.0,2720.0,2720.0,0,0.6667,0.5,0.1667,2.925,1.52,0.3419,0.6581,1.0,2.925,1.52,0.0,0.0,unknown,1.0,1.0,0,0,0.0,0,0,0,1.0
1893,2024,8,2024-05-05 06:00:00,Western Bulldogs,Hawthorn,Docklands,91.0,98.0,0.0,18,10,False,1488.97,1374.94,114.03,0.3333,0.4,0.4,89.1,79.4,-0.0667,0.3333,0.2,0.2,65.7,92.2,0.1333,0.5,1.25,4,7.0,7.0,0,0,0.0,0.0,0.0,0,0.6593,0.5714,0.0879,1.266,4.753,0.7896,0.2104,1.0,1.266,4.753,0.0,0.0,unknown,1.0,1.0,0,0,0.0,0,0,0,1.0
1894,2024,8,2024-05-05 09:10:00,Brisbane Lions,Gold Coast,Gabba,79.0,45.0,1.0,2,8,False,1571.53,1443.55,127.98,0.3333,0.4,0.5,79.2,75.1,-0.1667,0.6667,0.4,0.3,82.9,95.3,0.3667,1.0,49.0,9,9.0,7.0,0,0,0.0,0.0,0.0,0,0.5849,0.1667,0.4182,1.517,2.933,0.659,0.341,1.0,1.517,2.933,0.0,0.0,unknown,1.0,1.0,0,0,0.0,0,0,0,1.0
1895,2024,9,2024-05-09 09:30:00,Carlton,Melbourne,M.C.G.,77.0,76.0,1.0,3,11,False,1552.76,1630.07,-77.32,0.3333,0.4,0.6,90.5,84.4,-0.2667,0.6667,0.8,0.7,79.6,63.3,-0.0333,0.2,-23.8,7,5.0,5.0,0,0,0.0,0.0,0.0,0,0.3684,0.5413,-0.1729,2.131,1.884,0.4692,0.5308,1.0,2.131,1.884,0.0,0.0,unknown,1.0,1.0,0,0,0.0,0,0,0,1.0
1896,2024,9,2024-05-10 09:10:00,Geelong,Port Adelaide,Kardinia Park,95.0,101.0,0.0,7,13,False,1607.95,1564.67,43.28,0.6667,0.8,0.7,89.3,77.8,-0.0333,0.3333,0.6,0.5,86.4,85.2,-0.1667,1.0,27.25,4,5.0,7.0,0,1,0.0,730.0,730.0,0,0.8163,,,1.3,4.335,0.7693,0.2307,1.0,1.3,4.335,0.0,0.0,unknown,1.0,1.0,0,0,0.0,0,0,0,1.0
1897,2024,9,2024-05-10 10:30:00,Fremantle,Sydney,Perth Stadium,39.0,87.0,0.0,6,16,False,1516.22,1599.36,-83.15,0.6667,0.4,0.6,80.7,67.4,0.0667,1.0,0.8,0.7,93.8,72.2,0.3,0.6,-2.4,8,5.0,6.0,0,1,0.0,3940.0,3940.0,0,0.5763,0.5714,0.0049,2.38,1.724,0.4201,0.5799,1.0,2.38,1.724,0.0,0.0,unknown,1.0,1.0,0,0,0.0,0,0,0,1.0
1898,2024,9,2024-05-11 03:45:00,Hawthorn,St Kilda,York Park,58.0,53.0,1.0,10,15,False,1397.98,1469.09,-71.11,0.6667,0.4,0.2,68.8,94.9,0.4667,0.3333,0.4,0.3,75.1,81.0,0.0333,0.4,-27.0,5,5.0,6.0,1,1,310.0,310.0,0.0,1,0.6818,,,2.648,1.607,0.3777,0.6223,1.0,2.648,1.607,0.0,0.0,unknown,1.0,1.0,0,0,0.0,0,0,0,1.0
1899,2024,9,2024-05-11 06:35:00,Essendon,Greater Western Sydney,Docklands,82.0,62.0,1.0,5,9,False,1524.57,1571.1,-46.53,0.6667,0.6,0.5,72.4,95.3,0.1667,0.3333,0.6,0.7,95.7,77.2,-0.3667,0.4,-5.0,5,6.0,7.0,0,0,0.0,0.0,0.0,0,0.541,0.4783,0.0627,2.709,1.585,0.3691,0.6309,1.0,2.709,1.585,0.0,0.0,unknown,1.0,1.0,0,0,0.0,0,0,0,1.0
1901,2024,9,2024-05-11 09:30:00,Richmond,Western Bulldogs,M.C.G.,42.0,133.0,0.0,14,18,False,1424.03,1465.94,-41.9,0.0,0.2,0.2,69.7,90.8,-0.2,0.3333,0.2,0.4,91.8,82.5,-0.0667,0.6,7.8,5,6.0,6.0,0,0,0.0,0.0,0.0,0,0.6612,0.5238,0.1374,3.255,1.443,0.3072,0.6928,1.0,3.255,1.443,0.0,0.0,unknown,1.0,1.0,0,0,0.0,0,0,0,1.0
1900,2024,9,2024-05-11 09:30:00,Gold Coast,North Melbourne,Marrara Oval,120.0,52.0,1.0,8,12,False,1435.09,1244.91,190.19,0.3333,0.4,0.3,81.3,94.3,0.0333,0.0,0.0,0.1,76.3,116.3,-0.1,0.8,40.0,9,6.0,7.0,1,1,2800.0,3140.0,340.0,1,0.8,,,1.129,8.734,0.8855,0.1145,1.0,1.129,8.734,0.0,0.0,unknown,1.0,1.0,0,0,0.0,0,0,0,1.0
1902,2024,9,2024-05-12 03:00:00,Collingwood,West Coast,Docklands,103.0,37.0,1.0,4,17,False,1643.92,1315.36,328.56,0.6667,0.8,0.7,81.8,78.1,-0.0333,0.3333,0.4,0.3,75.1,97.3,0.0333,0.4,-3.4,7,8.0,7.0,0,1,0.0,2720.0,2720.0,1,0.4783,0.4,0.0783,1.144,7.949,0.8742,0.1258,1.0,1.144,7.949,0.0,0.0,unknown,1.0,1.0,0,0,0.0,0,0,0,1.0
1904,2024,10,2024-05-16 09:30:00,Gold Coast,Geelong,Marrara Oval,164.0,100.0,1.0,8,7,False,1443.12,1587.75,-144.63,0.6667,0.6,0.4,84.3,88.1,0.2667,0.3333,0.6,0.7,93.3,79.1,-0.3667,0.4,-25.6,5,5.0,6.0,1,1,2800.0,3140.0,340.0,1,0.8333,,,2.098,1.911,0.4767,0.5233,1.0,2.098,1.911,0.0,0.0,unknown,1.0,1.0,0,0,0.0,0,0,0,1.0
1905,2024,10,2024-05-17 09:40:00,Sydney,Carlton,S.C.G.,117.0,65.0,1.0,16,3,False,1613.84,1570.01,43.83,1.0,1.0,0.7,95.1,68.8,0.3,0.3333,0.4,0.6,90.8,85.2,-0.2667,0.8,30.4,7,6.0,8.0,0,1,0.0,870.0,870.0,0,0.6344,0.125,0.5094,1.416,3.403,0.7061,0.2939,1.0,1.416,3.403,0.0,0.0,unknown,1.0,1.0,0,0,0.0,0,0,0,1.0
1906,2024,10,2024-05-18 03:45:00,Collingwood,Adelaide,M.C.G.,78.0,74.0,1.0,4,1,False,1648.11,1460.32,187.79,0.6667,0.8,0.7,86.1,76.5,-0.0333,0.6667,0.6,0.4,83.2,77.6,0.2667,0.5,4.25,4,6.0,5.0,0,1,0.0,730.0,730.0,0,0.5504,0.3529,0.1975,1.476,3.101,0.6775,0.3225,1.0,1.476,3.101,0.0,0.0,unknown,1.0,1.0,0,0,0.0,0,0,0,1.0
1907,2024,10,2024-05-18 06:35:00,Greater Western Sydney,Western Bulldogs,Sydney Showground,43.0,70.0,0.0,9,18,False,1555.26,1482.31,72.95,0.3333,0.4,0.6,91.8,77.7,-0.2667,0.3333,0.4,0.5,96.6,77.5,-0.1667,0.2,-15.4,9,7.0,6.0,0,1,0.0,870.0,870.0,0,0.6912,0.6,0.0912,1.479,3.087,0.6761,0.3239,1.0,1.479,3.087,0.0,0.0,unknown,1.0,1.0,0,0,0.0,0,0,0,1.0
1908,2024,10,2024-05-18 09:30:00,Brisbane Lions,Richmond,Gabba,163.0,44.0,1.0,2,14,False,1576.67,1407.66,169.01,0.3333,0.4,0.4,76.6,75.1,-0.0667,0.0,0.0,0.2,68.2,94.8,-0.2,0.8,15.8,7,6.0,7.0,0,1,0.0,1730.0,1730.0,0,0.5888,0.6,-0.0112,1.075,14.388,0.9305,0.0695,1.0,1.075,14.388,0.0,0.0,unknown,1.0,1.0,0,0,0.0,0,0,0,1.0
1909,2024,10,2024-05-18 09:30:00,St Kilda,Fremantle,Docklands,55.0,72.0,0.0,15,6,False,1449.86,1501.74,-51.88,0.3333,0.2,0.3,74.4,79.6,0.0333,0.6667,0.4,0.6,78.8,68.7,0.0667,0.8,13.8,6,7.0,7.0,0,1,0.0,2720.0,2720.0,0,0.4742,0.4091,0.0651,1.873,2.145,0.5338,0.4662,1.0,1.873,2.145,0.0,0.0,unknown,1.0,1.0,0,0,0.0,0,0,0,1.0
1910,2024,10,2024-05-19 03:10:00,Essendon,North Melbourne,Docklands,106.0,66.0,1.0,5,12,False,1540.41,1236.88,303.52,0.6667,0.8,0.6,77.0,85.3,0.0667,0.0,0.0,0.1,74.3,118.2,-0.1,1.0,29.0,9,7.0,7.0,0,0,0.0,0.0,0.0,0,0.5484,0.3176,0.2308,1.07,15.337,0.9348,0.0652,1.0,1.07,15.337,0.0,0.0,unknown,1.0,1.0,0,0,0.0,0,0,0,1.0
1911,2024,10,2024-05-19 05:20:00,Port Adelaide,Hawthorn,Adelaide Oval,80.0,79.0,1.0,13,10,False,1584.86,1417.21,167.65,0.6667,0.6,0.6,89.0,82.4,0.0667,0.6667,0.6,0.3,68.6,91.5,0.3667,0.6,6.0,6,8.0,8.0,0,1,0.0,730.0,730.0,0,0.6087,0.4286,0.1801,1.165,7.062,0.8584,0.1416,1.0,1.165,7.062,0.0,0.0,unknown,1.0,1.0,0,0,0.0,0,0,0,1.0
1912,2024,10,2024-05-19 08:20:00,West Coast,Melbourne,Perth Stadium,105.0,70.0,1.0,17,11,False,1311.16,1612.82,-301.66,0.0,0.4,0.2,69.6,99.1,-0.2,0.6667,0.6,0.6,79.5,65.4,0.0667,0.4,-20.6,9,7.0,9.0,0,1,0.0,2720.0,2720.0,0,0.4921,0.6667,-0.1746,6.667,1.176,0.15,0.85,1.0,6.667,1.176,0.0,0.0,unknown,1.0,1.0,0,0,0.0,0,0,0,1.0
1913,2024,11,2024-05-23 09:30:00,Western Bulldogs,Sydney,Docklands,88.0,102.0,0.0,18,16,False,1503.75,1625.62,-121.88,0.6667,0.6,0.5,93.2,73.9,0.1667,1.0,1.0,0.8,101.2,67.6,0.2,0.6,5.0,5,5.0,5.0,0,1,0.0,870.0,870.0,0,0.6522,0.7391,-0.0869,2.469,1.681,0.405,0.595,1.0,2.469,1.681,0.0,0.0,unknown,1.0,1.0,0,0,0.0,0,0,0,1.0
1915,2024,11,2024-05-25 03:45:00,Carlton,Gold Coast,Docklands,102.0,73.0,1.0,3,8,False,1558.23,1465.42,92.82,0.3333,0.4,0.5,90.0,89.8,-0.1667,0.6667,0.6,0.5,92.0,89.0,0.1667,0.4,0.8,6,7.0,8.0,0,1,0.0,1730.0,1730.0,0,0.375,0.3158,0.0592,1.472,3.118,0.6793,0.3207,1.0,1.472,3.118,0.0,0.0,unknown,1.0,1.0,0,0,0.0,0,0,0,1.0
1916,2024,11,2024-05-25 03:45:00,North Melbourne,Port Adelaide,Bellerive Oval,48.0,107.0,0.0,12,13,False,1233.19,1591.97,-358.79,0.0,0.0,0.0,67.7,119.1,0.0,0.6667,0.6,0.7,90.0,81.0,-0.0333,0.2,-28.2,8,6.0,5.0,1,1,310.0,1020.0,710.0,1,0.4667,,,10.707,1.103,0.0934,0.9066,1.0,10.707,1.103,0.0,0.0,unknown,1.0,1.0,0,0,0.0,0,0,0,1.0
1917,2024,11,2024-05-25 06:35:00,Geelong,Greater Western Sydney,Kardinia Park,74.0,78.0,0.0,7,9,False,1565.45,1533.82,31.63,0.0,0.4,0.7,95.4,85.1,-0.7,0.0,0.2,0.5,86.8,77.7,-0.5,0.4,13.2,7,8.0,7.0,0,0,0.0,0.0,0.0,0,0.8,,,1.473,3.114,0.6789,0.3211,1.0,1.473,3.114,0.0,0.0,unknown,1.0,1.0,0,0,0.0,0,0,0,1.0
1918,2024,11,2024-05-25 09:40:00,Richmond,Essendon,M.C.G.,74.0,86.0,0.0,14,5,False,1400.59,1544.11,-143.51,0.0,0.0,0.1,62.5,103.9,-0.1,1.0,0.8,0.7,84.5,81.8,0.3,1.0,19.4,6,7.0,6.0,0,0,0.0,0.0,0.0,0,0.6557,0.381,0.2747,6.667,1.176,0.15,0.85,1.0,6.667,1.176,0.0,0.0,unknown,1.0,1.0,0,0,0.0,0,0,0,1.0
1919,2024,11,2024-05-26 03:10:00,Hawthorn,Brisbane Lions,Docklands,100.0,75.0,1.0,10,2,False,1410.1,1583.74,-173.64,0.6667,0.6,0.3,70.9,90.2,0.3667,0.6667,0.4,0.4,85.0,73.2,0.2667,0.8,8.6,8,6.0,7.0,0,1,0.0,1730.0,1730.0,1,0.5862,0.4167,0.1695,2.873,1.534,0.3481,0.6519,1.0,2.873,1.534,0.0,0.0,unknown,1.0,1.0,0,0,0.0,0,0,0,1.0
1920,2024,11,2024-05-26 05:20:00,Melbourne,St Kilda,M.C.G.,100.0,62.0,1.0,11,15,False,1586.91,1433.94,152.96,0.3333,0.4,0.6,81.2,69.9,-0.2667,0.3333,0.2,0.3,72.2,76.7,0.0333,0.6,4.6,7,6.0,7.0,0,0,0.0,0.0,0.0,0,0.5364,0.5238,0.0126,1.392,3.554,0.7186,0.2814,1.0,1.392,3.554,0.0,0.0,unknown,1.0,1.0,0,0,0.0,0,0,0,1.0
1921,2024,11,2024-05-26 06:40:00,Adelaide,West Coast,Adelaide Oval,137.0,38.0,1.0,1,17,False,1453.83,1337.08,116.75,0.3333,0.4,0.3,78.3,77.6,0.0333,0.3333,0.4,0.3,72.3,93.8,0.0333,0.6,21.8,7,8.0,6.0,0,1,0.0,2130.0,2130.0,0,0.5752,0.5,0.0752,1.241,5.144,0.8056,0.1944,1.0,1.241,5.144,0.0,0.0,unknown,1.0,1.0,0,0,0.0,0,0,0,1.0
1922,2024,12,2024-05-30 09:30:00,Port Adelaide,Carlton,Adelaide Oval,71.0,107.0,0.0,13,3,False,1595.57,1568.0,27.57,1.0,0.8,0.7,88.7,78.8,0.3,0.6667,0.4,0.6,93.9,89.2,0.0667,1.0,67.0,3,5.0,5.0,0,1,0.0,730.0,730.0,0,0.6121,0.1429,0.4692,1.632,2.581,0.6126,0.3874,1.0,1.632,2.581,0.0,0.0,unknown,1.0,1.0,0,0,0.0,0,0,0,1.0
1923,2024,12,2024-05-31 09:40:00,Collingwood,Western Bulldogs,Docklands,82.0,100.0,0.0,4,18,False,1650.68,1491.01,159.67,0.6667,0.6,0.6,86.6,77.1,0.0667,0.6667,0.4,0.5,95.6,73.2,0.1667,0.4,-5.8,6,6.0,8.0,0,0,0.0,0.0,0.0,1,0.5,0.6452,-0.1452,2.229,1.814,0.4487,0.5513,1.0,2.229,1.814,0.0,0.0,unknown,1.0,1.0,0,0,0.0,0,0,0,1.0
1924,2024,12,2024-06-01 03:45:00,Hawthorn,Adelaide,M.C.G.,107.0,80.0,1.0,10,1,False,1433.49,1462.69,-29.2,0.6667,0.6,0.4,72.6,87.0,0.2667,0.3333,0.6,0.4,86.6,75.4,-0.0667,0.6,10.6,8,6.0,5.0,0,1,0.0,730.0,730.0,0,0.4483,0.3333,0.115,1.901,2.11,0.5261,0.4739,1.0,1.901,2.11,0.0,0.0,unknown,1.0,1.0,0,0,0.0,0,0,0,1.0
1925,2024,12,2024-06-01 06:35:00,West Coast,St Kilda,Perth Stadium,68.0,82.0,0.0,17,15,False,1328.22,1426.36,-98.14,0.3333,0.2,0.3,69.1,95.5,0.0333,0.0,0.2,0.3,71.6,79.1,-0.3,0.6,0.8,7,5.0,6.0,0,1,0.0,2720.0,2720.0,0,0.5,0.6,-0.1,2.632,1.613,0.38,0.62,1.0,2.632,1.613,0.0,0.0,unknown,1.0,1.0,0,0,0.0,0,0,0,1.0
1926,2024,12,2024-06-01 09:30:00,Geelong,Richmond,Kardinia Park,99.0,69.0,1.0,7,14,False,1545.76,1388.8,156.96,0.0,0.2,0.6,95.2,86.1,-0.6,0.0,0.0,0.1,63.6,103.1,-0.1,0.4,-10.8,6,7.0,6.0,0,0,0.0,0.0,0.0,0,0.7843,,,1.074,14.599,0.9315,0.0685,1.0,1.074,14.599,0.0,0.0,unknown,1.0,1.0,0,0,0.0,0,0,0,1.0
1927,2024,12,2024-06-02 03:00:00,Melbourne,Fremantle,Traeger Park,49.0,141.0,0.0,11,6,False,1594.49,1521.57,72.92,0.3333,0.6,0.7,84.1,68.8,-0.3667,0.3333,0.6,0.5,74.9,69.1,-0.1667,0.4,-4.6,9,6.0,8.0,1,1,3140.0,2650.0,-490.0,1,0.5,,,1.555,2.8,0.6429,0.3571,1.0,1.555,2.8,0.0,0.0,unknown,1.0,1.0,0,0,0.0,0,0,0,1.0
1928,2024,12,2024-06-02 06:00:00,Gold Coast,Essendon,Carrara,91.0,80.0,1.0,8,5,False,1455.65,1555.9,-100.25,0.6667,0.6,0.5,89.6,86.0,0.1667,1.0,0.8,0.7,82.4,80.9,0.3,0.0,-31.0,7,8.0,7.0,0,1,0.0,1730.0,1730.0,0,0.3837,0.3846,-0.0009,1.744,2.345,0.5735,0.4265,1.0,1.744,2.345,0.0,0.0,unknown,1.0,1.0,0,0,0.0,0,0,0,1.0
1929,2024,13,2024-06-06 09:30:00,Adelaide,Richmond,Adelaide Oval,71.0,79.0,0.0,1,14,False,1447.65,1381.34,66.3,0.3333,0.4,0.4,86.9,76.5,-0.0667,0.0,0.0,0.1,62.4,104.4,-0.1,0.6,2.4,8,5.0,5.0,0,1,0.0,730.0,730.0,0,0.5789,0.3889,0.19,1.163,7.117,0.8595,0.1405,1.0,1.163,7.117,0.0,0.0,unknown,1.0,1.0,0,0,0.0,0,0,0,1.0
1930,2024,13,2024-06-07 09:40:00,Western Bulldogs,Brisbane Lions,Docklands,71.0,114.0,0.0,18,2,False,1513.88,1560.35,-46.46,0.6667,0.6,0.5,94.1,74.7,0.1667,0.3333,0.4,0.4,83.9,74.2,-0.0667,1.0,19.0,7,7.0,12.0,0,1,0.0,1730.0,1730.0,0,0.6489,0.4,0.2489,1.604,2.657,0.6236,0.3764,1.0,1.604,2.657,0.0,0.0,unknown,1.0,1.0,0,0,0.0,0,0,0,1.0
1931,2024,13,2024-06-08 03:45:00,Hawthorn,Greater Western Sydney,York Park,85.0,79.0,1.0,10,9,False,1448.53,1553.51,-104.98,0.6667,0.8,0.5,79.5,85.7,0.1667,0.3333,0.4,0.6,88.9,79.3,-0.2667,0.5,16.5,2,7.0,13.0,1,0,310.0,0.0,-310.0,1,0.6957,,,2.346,1.743,0.4263,0.5737,1.0,2.346,1.743,0.0,0.0,unknown,1.0,1.0,0,0,0.0,0,0,0,1.0
1932,2024,13,2024-06-08 06:35:00,West Coast,North Melbourne,Perth Stadium,65.0,74.0,0.0,17,12,False,1314.42,1229.59,84.83,0.3333,0.2,0.3,71.6,92.9,0.0333,0.0,0.0,0.0,64.3,117.7,0.0,0.8,20.2,5,7.0,14.0,0,1,0.0,2720.0,2720.0,0,0.4923,0.2857,0.2066,1.334,3.99,0.7494,0.2506,1.0,1.334,3.99,0.0,0.0,unknown,1.0,1.0,0,0,0.0,0,0,0,1.0
1933,2024,13,2024-06-08 09:30:00,St Kilda,Gold Coast,Docklands,51.0,48.0,1.0,15,8,False,1440.15,1473.94,-33.79,0.3333,0.4,0.3,70.4,78.0,0.0333,0.6667,0.6,0.5,92.7,88.6,0.1667,1.0,27.75,4,7.0,6.0,0,1,0.0,1730.0,1730.0,0,0.4694,0.3,0.1694,2.118,1.894,0.4721,0.5279,1.0,2.118,1.894,0.0,0.0,unknown,1.0,1.0,0,0,0.0,0,0,0,1.0
1934,2024,13,2024-06-09 05:20:00,Sydney,Geelong,S.C.G.,112.0,82.0,1.0,16,7,False,1638.36,1553.21,85.15,1.0,1.0,0.9,104.6,69.0,0.1,0.3333,0.2,0.6,95.5,85.3,-0.2667,0.4,-0.2,7,16.0,7.0,0,1,0.0,870.0,870.0,0,0.6383,0.5,0.1383,1.318,4.144,0.7587,0.2413,1.0,1.318,4.144,0.0,0.0,unknown,1.0,1.0,0,0,0.0,0,0,0,1.0
1935,2024,13,2024-06-09 09:20:00,Essendon,Carlton,M.C.G.,70.0,96.0,0.0,5,3,False,1537.6,1587.52,-49.91,0.6667,0.8,0.7,80.3,76.9,-0.0333,0.6667,0.6,0.6,96.0,88.2,0.0667,0.4,1.2,6,7.0,9.0,0,0,0.0,0.0,0.0,1,0.3906,0.3766,0.014,2.583,1.632,0.3872,0.6128,1.0,2.583,1.632,0.0,0.0,unknown,1.0,1.0,0,0,0.0,0,0,0,1.0
1936,2024,13,2024-06-10 05:20:00,Collingwood,Melbourne,M.C.G.,89.0,51.0,1.0,4,11,False,1627.8,1575.18,52.62,0.3333,0.6,0.6,87.9,76.9,-0.2667,0.3333,0.4,0.6,78.1,76.5,-0.2667,0.8,11.0,6,9.0,8.0,0,0,0.0,0.0,0.0,0,0.5538,0.5405,0.0133,2.165,1.858,0.4619,0.5381,1.0,2.165,1.858,0.0,0.0,unknown,1.0,1.0,0,0,0.0,0,0,0,1.0
1937,2024,14,2024-06-14 09:40:00,Brisbane Lions,St Kilda,Gabba,126.0,106.0,1.0,2,15,False,1576.51,1455.41,121.1,0.6667,0.6,0.5,88.3,72.0,0.1667,0.6667,0.4,0.4,68.8,75.7,0.2667,0.6,-3.8,5,7.0,6.0,0,1,0.0,1730.0,1730.0,0,0.5926,0.5,0.0926,1.15,7.68,0.8698,0.1302,1.0,1.15,7.68,0.0,0.0,unknown,1.0,1.0,0,0,0.0,0,0,0,1.0
1938,2024,14,2024-06-15 03:45:00,Western Bulldogs,Fremantle,Docklands,149.0,82.0,1.0,18,6,False,1497.72,1540.88,-43.16,0.3333,0.6,0.4,90.6,83.1,-0.0667,0.6667,0.6,0.5,78.8,66.4,0.1667,0.6,22.2,5,7.0,13.0,0,1,0.0,2720.0,2720.0,0,0.6421,0.4348,0.2073,1.802,2.247,0.5549,0.4451,1.0,1.802,2.247,0.0,0.0,unknown,1.0,1.0,0,0,0.0,0,0,0,1.0
1939,2024,14,2024-06-15 06:35:00,Richmond,Hawthorn,M.C.G.,49.0,97.0,0.0,14,10,False,1402.51,1469.23,-66.72,0.3333,0.2,0.2,61.1,99.3,0.1333,1.0,0.8,0.6,81.0,83.0,0.4,0.6,13.2,9,8.0,7.0,0,0,0.0,0.0,0.0,0,0.6504,0.4545,0.1959,2.887,1.53,0.3464,0.6536,1.0,2.887,1.53,0.0,0.0,unknown,1.0,1.0,0,0,0.0,0,0,0,1.0
1940,2024,14,2024-06-15 09:30:00,Adelaide,Sydney,Adelaide Oval,67.0,109.0,0.0,1,16,False,1426.48,1648.43,-221.95,0.3333,0.2,0.4,90.6,77.5,-0.0667,1.0,1.0,0.9,105.6,70.3,0.1,0.25,0.75,4,9.0,6.0,0,1,0.0,1170.0,1170.0,0,0.5739,0.5,0.0739,3.571,1.389,0.28,0.72,1.0,3.571,1.389,0.0,0.0,unknown,1.0,1.0,0,0,0.0,0,0,0,1.0
1941,2024,14,2024-06-16 03:00:00,North Melbourne,Collingwood,Docklands,118.0,119.0,0.0,12,4,False,1251.5,1639.21,-387.71,0.3333,0.2,0.1,64.1,114.0,0.2333,0.3333,0.6,0.7,88.9,72.6,-0.3667,0.0,-36.0,2,7.0,5.0,0,0,0.0,0.0,0.0,0,0.314,0.48,-0.166,8.333,1.136,0.12,0.88,1.0,8.333,1.136,0.0,0.0,unknown,1.0,1.0,0,0,0.0,0,0,0,1.0
1942,2024,14,2024-06-16 06:00:00,Greater Western Sydney,Port Adelaide,Sydney Showground,73.0,51.0,1.0,9,13,False,1532.82,1576.06,-43.24,0.3333,0.2,0.5,84.7,79.6,-0.1667,0.6667,0.6,0.6,83.6,80.3,0.0667,0.6667,30.0,3,8.0,16.0,0,1,0.0,1170.0,1170.0,0,0.6812,,,1.563,2.776,0.6398,0.3602,1.0,1.563,2.776,0.0,0.0,unknown,1.0,1.0,0,0,0.0,0,0,0,1.0
1943,2024,15,2024-06-21 09:40:00,Carlton,Geelong,M.C.G.,138.0,75.0,1.0,3,7,False,1601.23,1543.14,58.09,1.0,0.8,0.6,91.9,87.1,0.4,0.3333,0.2,0.5,93.1,89.5,-0.1667,0.4,-18.8,5,12.0,12.0,0,0,0.0,0.0,0.0,0,0.3846,0.5862,-0.2016,1.689,2.45,0.5919,0.4081,1.0,1.689,2.45,0.0,0.0,unknown,1.0,1.0,0,0,0.0,0,0,0,1.0
1944,2024,15,2024-06-22 03:45:00,Port Adelaide,Brisbane Lions,Adelaide Oval,73.0,152.0,0.0,13,2,False,1560.37,1585.21,-24.84,0.3333,0.6,0.6,79.8,78.0,-0.2667,0.6667,0.6,0.6,93.7,73.4,0.0667,0.8,25.6,5,5.0,7.0,0,1,0.0,1600.0,1600.0,0,0.6068,0.25,0.3568,2.163,1.86,0.4623,0.5377,1.0,2.163,1.86,0.0,0.0,unknown,1.0,1.0,0,0,0.0,0,0,0,1.0
1945,2024,15,2024-06-22 06:35:00,Greater Western Sydney,Sydney,Sydney Showground,75.0,102.0,0.0,9,16,False,1548.51,1657.1,-108.59,0.6667,0.4,0.5,81.2,80.4,0.1667,1.0,1.0,0.9,103.4,66.9,0.1,0.2,-15.0,8,6.0,6.0,0,0,0.0,0.0,0.0,0,0.6857,0.6667,0.019,3.238,1.447,0.3088,0.6912,1.0,3.238,1.447,0.0,0.0,unknown,1.0,1.0,0,0,0.0,0,0,0,1.0
1946,2024,15,2024-06-22 09:30:00,Melbourne,North Melbourne,M.C.G.,70.0,67.0,1.0,11,12,False,1563.78,1247.49,316.28,0.3333,0.2,0.5,73.9,81.6,-0.1667,0.3333,0.2,0.1,67.8,112.2,0.2333,0.6,27.0,5,12.0,6.0,0,0,0.0,0.0,0.0,0,0.5357,0.2308,0.3049,1.244,5.094,0.8037,0.1963,1.0,1.244,5.094,0.0,0.0,unknown,1.0,1.0,0,0,0.0,0,0,0,1.0
1947,2024,15,2024-06-23 03:00:00,Essendon,West Coast,Docklands,122.0,92.0,1.0,5,17,False,1523.89,1292.5,231.38,0.3333,0.6,0.6,80.2,79.8,-0.2667,0.0,0.2,0.3,75.1,89.7,-0.3,1.0,31.0,2,13.0,14.0,0,1,0.0,2720.0,2720.0,0,0.5556,0.381,0.1746,1.153,7.553,0.8676,0.1324,1.0,1.153,7.553,0.0,0.0,unknown,1.0,1.0,0,0,0.0,0,0,0,1.0
1948,2024,15,2024-06-23 06:00:00,Fremantle,Gold Coast,Perth Stadium,85.0,65.0,1.0,6,8,False,1525.2,1458.69,66.51,0.3333,0.4,0.4,80.1,77.9,-0.0667,0.3333,0.6,0.5,90.8,82.2,-0.1667,0.75,8.5,4,8.0,14.0,0,1,0.0,4390.0,4390.0,0,0.5574,0.4,0.1574,1.422,3.367,0.703,0.297,1.0,1.422,3.367,0.0,0.0,unknown,1.0,1.0,0,0,0.0,0,0,0,1.0
1949,2024,16,2024-06-28 09:40:00,Brisbane Lions,Melbourne,Gabba,86.0,81.0,1.0,2,11,False,1602.37,1567.24,35.12,1.0,0.8,0.6,97.7,76.5,0.4,0.3333,0.4,0.5,71.3,79.4,-0.1667,0.5,-10.0,4,6.0,6.0,0,1,0.0,1730.0,1730.0,0,0.5963,0.625,-0.0287,1.173,6.775,0.8524,0.1476,1.0,1.173,6.775,0.0,0.0,unknown,1.0,1.0,0,0,0.0,0,0,0,1.0
1950,2024,16,2024-06-29 03:45:00,North Melbourne,Western Bulldogs,Docklands,60.0,77.0,0.0,12,18,False,1244.03,1513.41,-269.38,0.3333,0.2,0.1,70.3,108.0,0.2333,0.6667,0.6,0.5,96.4,81.8,0.1667,0.0,-45.4,7,6.0,14.0,0,0,0.0,0.0,0.0,0,0.3103,0.6458,-0.3355,8.258,1.138,0.1211,0.8789,1.0,8.258,1.138,0.0,0.0,unknown,1.0,1.0,0,0,0.0,0,0,0,1.0
1951,2024,16,2024-06-29 03:45:00,Sydney,Fremantle,S.C.G.,98.0,99.0,0.0,16,6,False,1670.43,1536.03,134.4,1.0,1.0,1.0,105.9,66.2,0.0,0.6667,0.6,0.5,82.3,77.1,0.1667,0.75,46.5,4,6.0,5.0,0,1,0.0,3940.0,3940.0,0,0.6421,,,1.228,5.379,0.8141,0.1859,1.0,1.228,5.379,0.0,0.0,unknown,1.0,1.0,0,0,0.0,0,0,0,1.0
1952,2024,16,2024-06-29 06:35:00,Gold Coast,Collingwood,Carrara,101.0,90.0,1.0,8,4,False,1447.86,1643.22,-195.35,0.3333,0.4,0.5,88.4,79.0,-0.1667,0.6667,0.6,0.7,91.6,77.2,-0.0333,0.0,-41.2,5,6.0,13.0,0,1,0.0,1730.0,1730.0,0,0.3908,1.0,-0.6092,2.027,1.974,0.4933,0.5067,1.0,2.027,1.974,0.0,0.0,unknown,1.0,1.0,0,0,0.0,0,0,0,1.0
1953,2024,16,2024-06-29 09:30:00,Adelaide,Greater Western Sydney,Adelaide Oval,94.0,78.0,1.0,1,9,False,1417.81,1535.18,-117.37,0.0,0.2,0.4,91.0,80.6,-0.4,0.3333,0.4,0.4,77.0,81.7,-0.0667,0.4,-21.4,9,14.0,7.0,0,0,0.0,0.0,0.0,0,0.569,0.5,0.069,2.095,1.914,0.4774,0.5226,1.0,2.095,1.914,0.0,0.0,unknown,1.0,1.0,0,0,0.0,0,0,0,1.0
1954,2024,16,2024-06-29 09:30:00,Geelong,Essendon,M.C.G.,105.0,60.0,1.0,7,5,False,1531.97,1529.17,2.79,0.3333,0.2,0.4,91.1,94.2,-0.0667,0.3333,0.6,0.7,88.2,77.9,-0.3667,1.0,56.4,6,7.0,6.0,0,0,0.0,0.0,0.0,1,0.5763,0.3846,0.1917,2.361,1.735,0.4236,0.5764,1.0,2.361,1.735,0.0,0.0,unknown,1.0,1.0,0,0,0.0,0,0,0,1.0
1955,2024,16,2024-06-30 03:10:00,St Kilda,Port Adelaide,Docklands,60.0,62.0,0.0,15,13,False,1446.71,1543.21,-96.51,0.6667,0.4,0.3,72.7,82.3,0.3667,0.0,0.4,0.5,76.0,89.0,-0.5,0.0,-22.75,4,15.0,7.0,0,1,0.0,730.0,730.0,0,0.4747,0.7368,-0.2621,1.769,2.301,0.5654,0.4346,1.0,1.769,2.301,0.0,0.0,unknown,1.0,1.0,0,0,0.0,0,0,0,1.0
1956,2024,16,2024-06-30 05:20:00,Richmond,Carlton,M.C.G.,70.0,131.0,0.0,14,3,False,1387.28,1612.41,-225.13,0.3333,0.2,0.1,57.8,101.3,0.2333,1.0,0.8,0.6,98.4,88.3,0.4,0.8,18.4,9,14.0,8.0,0,0,0.0,0.0,0.0,0,0.6452,0.3924,0.2528,7.962,1.144,0.1256,0.8744,1.0,7.962,1.144,0.0,0.0,unknown,1.0,1.0,0,0,0.0,0,0,0,1.0
1957,2024,16,2024-06-30 06:40:00,West Coast,Hawthorn,Perth Stadium,33.0,94.0,0.0,17,10,False,1287.22,1484.46,-197.24,0.0,0.2,0.3,76.5,91.5,-0.3,1.0,0.8,0.7,83.5,80.2,0.3,0.6,7.4,5,7.0,15.0,0,1,0.0,2720.0,2720.0,0,0.4848,0.2857,0.1991,2.572,1.636,0.3888,0.6112,1.0,2.572,1.636,0.0,0.0,unknown,1.0,1.0,0,0,0.0,0,0,0,1.0
1958,2024,17,2024-07-05 09:40:00,Collingwood,Essendon,M.C.G.,80.0,92.0,0.0,4,5,False,1620.89,1513.3,107.59,0.6667,0.4,0.6,92.9,80.1,0.0667,0.3333,0.4,0.6,84.6,81.7,-0.2667,0.6,-2.2,9,6.0,6.0,0,0,0.0,0.0,0.0,0,0.5573,0.3788,0.1785,1.644,2.553,0.6083,0.3917,1.0,1.644,2.553,0.0,0.0,unknown,1.0,1.0,0,0,0.0,0,0,0,1.0
1959,2024,17,2024-07-06 03:45:00,North Melbourne,Gold Coast,Docklands,87.0,83.0,1.0,12,8,False,1236.97,1470.19,-233.22,0.0,0.2,0.1,69.9,101.8,-0.1,0.3333,0.4,0.5,87.6,82.4,-0.1667,0.8,5.4,5,7.0,6.0,0,1,0.0,1730.0,1730.0,0,0.3068,0.2857,0.0211,3.848,1.351,0.2599,0.7401,1.0,3.848,1.351,0.0,0.0,unknown,1.0,1.0,0,0,0.0,0,0,0,1.0
1960,2024,17,2024-07-06 03:45:00,Port Adelaide,Western Bulldogs,Adelaide Oval,102.0,54.0,1.0,13,18,False,1557.09,1520.46,36.62,0.3333,0.4,0.5,75.6,88.7,-0.1667,0.6667,0.6,0.6,97.4,78.2,0.0667,0.6,-9.2,9,6.0,7.0,0,1,0.0,730.0,730.0,0,0.6017,0.3846,0.2171,2.024,1.976,0.494,0.506,1.0,2.024,1.976,0.0,0.0,unknown,1.0,1.0,0,0,0.0,0,0,0,1.0
1961,2024,17,2024-07-06 06:35:00,Geelong,Hawthorn,Kardinia Park,110.0,59.0,1.0,7,10,False,1547.84,1494.06,53.78,0.3333,0.4,0.4,87.7,93.8,-0.0667,1.0,1.0,0.8,87.3,72.6,0.2,0.6,24.6,9,6.0,5.0,0,0,0.0,0.0,0.0,0,0.7885,,,1.607,2.647,0.6222,0.3778,1.0,1.607,2.647,0.0,0.0,unknown,1.0,1.0,0,0,0.0,0,0,0,1.0
1962,2024,17,2024-07-06 09:30:00,Greater Western Sydney,Carlton,Sydney Showground,116.0,104.0,1.0,9,3,False,1516.12,1620.97,-104.85,0.3333,0.4,0.3,76.8,83.2,0.0333,1.0,1.0,0.7,101.7,85.3,0.3,0.6,19.6,7,7.0,6.0,0,1,0.0,870.0,870.0,0,0.6761,0.3333,0.3428,2.456,1.687,0.4072,0.5928,1.0,2.456,1.687,0.0,0.0,unknown,1.0,1.0,0,0,0.0,0,0,0,1.0
1963,2024,17,2024-07-06 10:10:00,Fremantle,Richmond,Perth Stadium,105.0,54.0,1.0,6,14,False,1559.8,1378.72,181.08,0.6667,0.6,0.6,85.9,80.3,0.0667,0.3333,0.2,0.1,58.8,107.7,0.2333,0.2,-35.6,6,7.0,6.0,0,1,0.0,2720.0,2720.0,0,0.5645,0.625,-0.0605,1.085,12.804,0.9219,0.0781,1.0,1.085,12.804,0.0,0.0,unknown,1.0,1.0,0,0,0.0,0,0,0,1.0
1964,2024,17,2024-07-07 03:10:00,Melbourne,West Coast,M.C.G.,112.0,58.0,1.0,11,17,False,1555.09,1277.62,277.47,0.3333,0.4,0.4,71.6,81.7,-0.0667,0.0,0.0,0.2,68.9,93.9,-0.2,0.0,-33.5,2,8.0,6.0,0,1,0.0,2720.0,2720.0,0,0.5398,0.4211,0.1187,1.17,6.897,0.855,0.145,1.0,1.17,6.897,0.0,0.0,unknown,1.0,1.0,0,0,0.0,0,0,0,1.0
1965,2024,17,2024-07-07 05:20:00,St Kilda,Sydney,Docklands,84.0,82.0,1.0,15,16,False,1432.83,1646.65,-213.82,0.3333,0.4,0.3,70.8,80.5,0.0333,0.6667,0.8,0.9,105.3,68.3,-0.2333,0.4,-10.6,7,7.0,8.0,0,1,0.0,870.0,870.0,0,0.47,0.75,-0.28,4.348,1.299,0.23,0.77,1.0,4.348,1.299,0.0,0.0,unknown,1.0,1.0,0,0,0.0,0,0,0,1.0
1966,2024,17,2024-07-07 06:10:00,Brisbane Lions,Adelaide,Gabba,97.0,86.0,1.0,2,1,False,1614.52,1436.88,177.65,1.0,0.8,0.6,98.1,78.6,0.4,0.3333,0.4,0.4,90.4,78.6,-0.0667,0.6,-8.2,6,8.0,7.0,0,1,0.0,1600.0,1600.0,0,0.6,0.4286,0.1714,1.255,4.926,0.797,0.203,1.0,1.255,4.926,0.0,0.0,unknown,1.0,1.0,0,0,0.0,0,0,0,1.0
1967,2024,18,2024-07-12 09:40:00,Collingwood,Geelong,M.C.G.,71.0,91.0,0.0,4,7,False,1598.09,1559.2,38.9,0.3333,0.4,0.5,88.6,81.2,-0.1667,0.6667,0.6,0.4,92.4,96.0,0.2667,0.2,-8.6,8,7.0,6.0,0,0,0.0,0.0,0.0,0,0.553,0.5833,-0.0303,2.239,1.807,0.4466,0.5534,1.0,2.239,1.807,0.0,0.0,unknown,1.0,1.0,0,0,0.0,0,0,0,1.0
1968,2024,18,2024-07-13 03:45:00,Hawthorn,Fremantle,York Park,87.0,74.0,1.0,10,6,False,1482.7,1566.49,-83.8,0.6667,0.8,0.7,81.9,76.8,-0.0333,1.0,0.8,0.7,89.6,75.2,0.3,0.6,9.0,5,6.0,6.0,1,1,310.0,3560.0,3250.0,1,0.7083,,,2.084,1.923,0.4799,0.5201,1.0,2.084,1.923,0.0,0.0,unknown,1.0,1.0,0,0,0.0,0,0,0,1.0
1969,2024,18,2024-07-13 03:45:00,Sydney,North Melbourne,S.C.G.,138.0,59.0,1.0,16,12,False,1623.62,1260.71,362.92,0.3333,0.6,0.8,102.5,71.0,-0.4667,0.3333,0.4,0.2,71.8,98.8,0.1333,0.5,2.25,4,5.0,7.0,0,1,0.0,870.0,870.0,0,0.6354,,,1.079,13.587,0.9264,0.0736,1.0,1.079,13.587,0.0,0.0,unknown,1.0,1.0,0,0,0.0,0,0,0,1.0
1970,2024,18,2024-07-13 06:35:00,Western Bulldogs,Carlton,Docklands,100.0,86.0,1.0,18,3,False,1508.37,1602.46,-94.09,0.6667,0.6,0.5,90.4,82.0,0.1667,0.6667,0.8,0.6,100.4,87.1,0.0667,0.6,-1.6,5,7.0,6.0,0,0,0.0,0.0,0.0,0,0.6495,0.386,0.2635,2.619,1.618,0.3818,0.6182,1.0,2.619,1.618,0.0,0.0,unknown,1.0,1.0,0,0,0.0,0,0,0,1.0
1972,2024,18,2024-07-13 09:30:00,Melbourne,Essendon,M.C.G.,84.0,67.0,1.0,11,5,False,1559.3,1536.1,23.2,0.6667,0.4,0.5,76.8,79.3,0.1667,0.6667,0.4,0.6,86.0,82.2,0.0667,0.5,5.5,2,6.0,7.0,0,0,0.0,0.0,0.0,0,0.5439,0.3881,0.1558,2.552,1.644,0.3918,0.6082,1.0,2.552,1.644,0.0,0.0,unknown,1.0,1.0,0,0,0.0,0,0,0,1.0
1971,2024,18,2024-07-13 09:30:00,Adelaide,St Kilda,Adelaide Oval,71.0,39.0,1.0,1,15,False,1430.08,1455.87,-25.79,0.3333,0.2,0.4,91.5,80.5,-0.0667,0.3333,0.6,0.4,72.8,76.3,-0.0667,0.6,17.4,7,6.0,6.0,0,1,0.0,730.0,730.0,0,0.5726,0.2,0.3726,1.584,2.711,0.6312,0.3688,1.0,1.584,2.711,0.0,0.0,unknown,1.0,1.0,0,0,0.0,0,0,0,1.0
1973,2024,18,2024-07-14 03:10:00,Gold Coast,Port Adelaide,Carrara,96.0,82.0,1.0,8,13,False,1446.46,1569.18,-122.72,0.3333,0.4,0.5,90.2,80.1,-0.1667,0.6667,0.4,0.6,77.7,81.8,0.0667,0.0,-46.4,6,7.0,7.0,0,1,0.0,1600.0,1600.0,0,0.3977,0.8889,-0.4912,1.873,2.145,0.5339,0.4661,1.0,1.873,2.145,0.0,0.0,unknown,1.0,1.0,0,0,0.0,0,0,0,1.0
1974,2024,18,2024-07-14 05:20:00,Richmond,Greater Western Sydney,M.C.G.,84.0,108.0,0.0,14,9,False,1372.03,1534.62,-162.59,0.0,0.2,0.1,57.2,107.3,-0.1,0.3333,0.4,0.4,78.6,81.9,-0.0667,1.0,38.4,7,7.0,7.0,0,0,0.0,0.0,0.0,0,0.64,0.2727,0.3673,4.172,1.315,0.2397,0.7603,1.0,4.172,1.315,0.0,0.0,unknown,1.0,1.0,0,0,0.0,0,0,0,1.0
1975,2024,18,2024-07-14 06:40:00,West Coast,Brisbane Lions,Perth Stadium,93.0,106.0,0.0,17,2,False,1273.4,1621.32,-347.92,0.0,0.0,0.1,64.2,98.3,-0.1,1.0,1.0,0.7,104.1,80.9,0.3,1.0,66.0,2,7.0,7.0,0,1,0.0,4390.0,4390.0,0,0.4776,0.4,0.0776,5.928,1.203,0.1687,0.8313,1.0,5.928,1.203,0.0,0.0,unknown,1.0,1.0,0,0,0.0,0,0,0,1.0
1976,2024,19,2024-07-19 09:40:00,Essendon,Adelaide,Docklands,113.0,115.0,0.0,5,1,False,1523.42,1444.97,78.46,0.3333,0.4,0.6,84.2,82.1,-0.2667,0.6667,0.4,0.4,84.8,76.3,0.2667,0.8,10.8,6,6.0,6.0,0,1,0.0,730.0,730.0,0,0.5625,0.4737,0.0888,1.456,3.191,0.6866,0.3134,1.0,1.456,3.191,0.0,0.0,unknown,1.0,1.0,0,0,0.0,0,0,0,1.0
1977,2024,19,2024-07-20 03:45:00,Greater Western Sydney,Gold Coast,Sydney Showground,89.0,50.0,1.0,9,8,False,1545.61,1465.76,79.85,0.6667,0.6,0.4,78.1,84.4,0.2667,0.6667,0.4,0.5,88.6,80.8,0.1667,0.8,51.2,8,5.0,6.0,0,1,0.0,980.0,980.0,0,0.6806,0.0,0.6806,1.442,3.265,0.6937,0.3063,1.0,1.442,3.265,0.0,0.0,unknown,1.0,1.0,0,0,0.0,0,0,0,1.0
1978,2024,19,2024-07-20 03:45:00,St Kilda,West Coast,Docklands,113.0,41.0,1.0,15,17,False,1440.98,1268.52,172.46,0.3333,0.4,0.4,69.5,75.2,-0.0667,0.0,0.0,0.1,66.0,97.7,-0.1,0.4,-11.6,5,6.0,5.0,0,1,0.0,2720.0,2720.0,0,0.4752,0.3636,0.1116,1.142,8.045,0.8757,0.1243,1.0,1.142,8.045,0.0,0.0,unknown,1.0,1.0,0,0,0.0,0,0,0,1.0
1979,2024,19,2024-07-20 06:35:00,Hawthorn,Collingwood,M.C.G.,133.0,67.0,1.0,10,4,False,1502.48,1578.08,-75.6,0.6667,0.8,0.8,86.4,72.4,-0.1333,0.0,0.4,0.5,87.2,81.8,-0.5,0.8,17.0,7,7.0,7.0,0,0,0.0,0.0,0.0,0,0.4607,0.5489,-0.0882,1.932,2.073,0.5177,0.4823,1.0,1.932,2.073,0.0,0.0,unknown,1.0,1.0,0,0,0.0,0,0,0,1.0
1981,2024,19,2024-07-20 09:30:00,Port Adelaide,Richmond,Adelaide Oval,116.0,75.0,1.0,13,14,False,1549.88,1361.04,188.84,0.6667,0.4,0.5,77.7,84.2,0.1667,0.0,0.2,0.1,61.4,109.6,-0.1,0.6,2.0,10,6.0,6.0,0,1,0.0,730.0,730.0,0,0.605,0.4211,0.1839,1.084,12.92,0.9226,0.0774,1.0,1.084,12.92,0.0,0.0,unknown,1.0,1.0,0,0,0.0,0,0,0,1.0
1980,2024,19,2024-07-20 09:30:00,Geelong,Western Bulldogs,Kardinia Park,48.0,95.0,0.0,7,18,False,1579.2,1526.39,52.81,1.0,0.6,0.4,89.7,92.6,0.6,0.6667,0.6,0.6,93.3,81.1,0.0667,0.8,15.0,7,7.0,7.0,0,0,0.0,0.0,0.0,0,0.7925,0.2,0.5925,1.613,2.632,0.62,0.38,1.0,1.613,2.632,0.0,0.0,unknown,1.0,1.0,0,0,0.0,0,0,0,1.0
1982,2024,19,2024-07-21 03:10:00,Brisbane Lions,Sydney,Gabba,79.0,77.0,1.0,2,16,False,1626.2,1626.34,-0.14,1.0,1.0,0.8,108.8,78.9,0.2,0.3333,0.6,0.8,104.5,72.7,-0.4667,0.4,-2.8,6,6.0,7.0,0,1,0.0,980.0,980.0,0,0.6036,0.4444,0.1592,1.83,2.204,0.5463,0.4537,1.0,1.83,2.204,0.0,0.0,unknown,1.0,1.0,0,0,0.0,0,0,0,1.0
1983,2024,19,2024-07-21 05:20:00,Fremantle,Melbourne,Perth Stadium,116.0,66.0,1.0,6,11,False,1546.71,1571.98,-25.27,0.6667,0.6,0.6,87.5,76.8,0.0667,0.6667,0.6,0.5,76.7,81.8,0.1667,0.5,4.0,2,8.0,7.0,0,1,0.0,2720.0,2720.0,0,0.5714,0.6,-0.0286,1.364,3.751,0.7334,0.2666,1.0,1.364,3.751,0.0,0.0,unknown,1.0,1.0,0,0,0.0,0,0,0,1.0
1984,2024,19,2024-07-21 06:40:00,Carlton,North Melbourne,Docklands,107.0,88.0,1.0,3,12,False,1584.44,1257.99,326.45,0.3333,0.6,0.6,98.5,85.3,-0.2667,0.3333,0.2,0.2,69.6,98.8,0.1333,0.2,-25.6,5,8.0,8.0,0,0,0.0,0.0,0.0,0,0.3793,0.3146,0.0647,1.145,7.874,0.873,0.127,1.0,1.145,7.874,0.0,0.0,unknown,1.0,1.0,0,0,0.0,0,0,0,1.0
1985,2024,20,2024-07-26 09:40:00,Carlton,Port Adelaide,Docklands,65.0,79.0,0.0,3,13,False,1587.73,1556.34,31.39,0.3333,0.6,0.7,101.3,85.6,-0.3667,0.6667,0.6,0.6,84.5,83.9,0.0667,0.4,0.2,7,5.0,6.0,0,1,0.0,730.0,730.0,0,0.3898,0.75,-0.3602,1.674,2.484,0.5974,0.4026,1.0,1.674,2.484,0.0,0.0,unknown,1.0,1.0,0,0,0.0,0,0,0,1.0
1986,2024,20,2024-07-27 03:45:00,North Melbourne,Geelong,Bellerive Oval,66.0,106.0,0.0,12,7,False,1254.7,1558.6,-303.9,0.3333,0.2,0.2,71.9,99.2,0.1333,0.6667,0.6,0.4,87.9,94.7,0.2667,0.25,-15.75,4,5.0,6.0,1,1,310.0,310.0,0.0,1,0.4516,,,4.019,1.331,0.2488,0.7512,1.0,4.019,1.331,0.0,0.0,unknown,1.0,1.0,0,0,0.0,0,0,0,1.0
1987,2024,20,2024-07-27 06:35:00,Gold Coast,Brisbane Lions,Carrara,65.0,93.0,0.0,8,2,False,1455.48,1639.92,-184.44,0.3333,0.4,0.5,89.1,81.8,-0.1667,1.0,1.0,0.8,108.8,82.1,0.2,0.2,-27.4,8,7.0,6.0,0,0,0.0,0.0,0.0,0,0.4045,0.5714,-0.1669,2.161,1.862,0.4628,0.5372,1.0,2.161,1.862,0.0,0.0,unknown,1.0,1.0,0,0,0.0,0,0,0,1.0
1988,2024,20,2024-07-27 06:35:00,St Kilda,Essendon,Docklands,108.0,55.0,1.0,15,5,False,1447.94,1501.76,-53.82,0.6667,0.4,0.4,70.5,72.8,0.2667,0.3333,0.4,0.5,87.8,86.5,-0.1667,0.6,0.6,6,7.0,7.0,0,0,0.0,0.0,0.0,0,0.4804,0.5538,-0.0734,2.309,1.764,0.433,0.567,1.0,2.309,1.764,0.0,0.0,unknown,1.0,1.0,0,0,0.0,0,0,0,1.0
1989,2024,20,2024-07-27 09:30:00,Melbourne,Greater Western Sydney,M.C.G.,83.0,85.0,0.0,11,9,False,1557.12,1555.9,1.22,0.6667,0.6,0.4,75.9,86.8,0.2667,1.0,0.6,0.5,80.1,79.6,0.5,0.4,15.0,7,6.0,7.0,0,0,0.0,0.0,0.0,0,0.5478,0.3043,0.2435,1.978,2.023,0.5056,0.4944,1.0,1.978,2.023,0.0,0.0,unknown,1.0,1.0,0,0,0.0,0,0,0,1.0
1990,2024,20,2024-07-27 10:10:00,Fremantle,West Coast,Perth Stadium,110.0,75.0,1.0,6,17,False,1561.57,1261.56,300.01,0.6667,0.8,0.6,88.8,78.5,0.0667,0.0,0.0,0.1,63.0,101.3,-0.1,0.6,-8.2,9,6.0,7.0,0,0,0.0,0.0,0.0,0,0.5781,0.4706,0.1075,1.119,9.398,0.8936,0.1064,1.0,1.119,9.398,0.0,0.0,unknown,1.0,1.0,0,0,0.0,0,0,0,1.0
1991,2024,20,2024-07-28 03:10:00,Collingwood,Richmond,M.C.G.,93.0,67.0,1.0,4,14,False,1560.91,1354.58,206.33,0.0,0.2,0.4,85.4,87.2,-0.4,0.0,0.0,0.1,64.0,110.9,-0.1,0.4,-12.0,6,7.0,7.0,0,0,0.0,0.0,0.0,0,0.5448,0.6349,-0.0901,1.289,4.464,0.776,0.224,1.0,1.289,4.464,0.0,0.0,unknown,1.0,1.0,0,0,0.0,0,0,0,1.0
1992,2024,20,2024-07-28 05:20:00,Sydney,Western Bulldogs,S.C.G.,48.0,87.0,0.0,16,18,False,1612.62,1546.99,65.63,0.3333,0.4,0.7,102.4,73.7,-0.3667,0.6667,0.8,0.7,93.7,76.1,-0.0333,0.6,10.2,7,7.0,7.0,0,1,0.0,870.0,870.0,0,0.6392,0.5,0.1392,1.619,2.616,0.6178,0.3822,1.0,1.619,2.616,0.0,0.0,unknown,1.0,1.0,0,0,0.0,0,0,0,1.0
1993,2024,20,2024-07-28 06:10:00,Adelaide,Hawthorn,Adelaide Oval,58.0,124.0,0.0,1,10,False,1466.63,1519.66,-53.03,0.6667,0.6,0.4,88.5,82.8,0.2667,0.6667,0.8,0.8,89.9,70.0,-0.1333,0.25,-14.0,4,8.0,7.0,0,1,0.0,730.0,730.0,0,0.5763,0.4,0.1763,2.079,1.927,0.481,0.519,1.0,2.079,1.927,0.0,0.0,unknown,1.0,1.0,0,0,0.0,0,0,0,1.0
1994,2024,21,2024-08-02 09:15:00,Western Bulldogs,Melbourne,Docklands,110.0,59.0,1.0,18,11,False,1568.13,1538.78,29.35,1.0,0.8,0.7,89.1,76.7,0.3,0.3333,0.4,0.4,76.6,87.6,-0.0667,0.6,-6.2,7,5.0,5.0,0,0,0.0,0.0,0.0,0,0.6531,0.6842,-0.0311,1.336,3.976,0.7485,0.2515,1.0,1.336,3.976,0.0,0.0,unknown,1.0,1.0,0,0,0.0,0,0,0,1.0
1995,2024,21,2024-08-02 10:30:00,West Coast,Gold Coast,Perth Stadium,97.0,87.0,1.0,17,8,False,1257.8,1445.38,-187.58,0.0,0.0,0.1,66.8,102.0,-0.1,0.3333,0.4,0.4,83.6,85.9,-0.0667,0.6,6.2,7,6.0,6.0,0,1,0.0,4390.0,4390.0,0,0.4638,0.3333,0.1305,3.054,1.487,0.3274,0.6726,1.0,3.054,1.487,0.0,0.0,unknown,1.0,1.0,0,0,0.0,0,0,0,1.0
1996,2024,21,2024-08-03 03:45:00,North Melbourne,Richmond,Docklands,90.0,77.0,1.0,12,14,False,1249.96,1348.63,-98.66,0.0,0.2,0.2,73.3,97.8,-0.2,0.0,0.0,0.1,66.5,106.9,-0.1,0.6,13.2,6,7.0,6.0,0,0,0.0,0.0,0.0,0,0.3111,0.4091,-0.098,2.227,1.815,0.4491,0.5509,1.0,2.227,1.815,0.0,0.0,unknown,1.0,1.0,0,0,0.0,0,0,0,1.0
1997,2024,21,2024-08-03 06:35:00,Geelong,Adelaide,Kardinia Park,90.0,85.0,1.0,7,1,False,1563.34,1450.77,112.57,0.6667,0.8,0.5,89.0,91.2,0.1667,0.6667,0.6,0.4,85.3,86.2,0.2667,1.0,29.4,6,7.0,6.0,0,1,0.0,730.0,730.0,0,0.7778,,,1.392,3.549,0.7182,0.2818,1.0,1.392,3.549,0.0,0.0,unknown,1.0,1.0,0,0,0.0,0,0,0,1.0
1998,2024,21,2024-08-03 09:30:00,Collingwood,Carlton,M.C.G.,84.0,81.0,1.0,4,3,False,1566.86,1568.05,-1.18,0.3333,0.2,0.4,84.4,90.2,-0.0667,0.3333,0.4,0.6,100.1,85.9,-0.2667,0.4,-9.0,7,6.0,7.0,0,0,0.0,0.0,0.0,0,0.5481,0.4,0.1481,2.467,1.682,0.4054,0.5946,1.0,2.467,1.682,0.0,0.0,unknown,1.0,1.0,0,0,0.0,0,0,0,1.0
1999,2024,21,2024-08-03 09:30:00,Port Adelaide,Sydney,Adelaide Oval,148.0,36.0,1.0,13,16,False,1576.02,1591.49,-15.47,0.6667,0.8,0.6,82.3,80.9,0.0667,0.3333,0.2,0.6,98.5,78.5,-0.2667,0.8,11.6,5,7.0,6.0,0,1,0.0,1170.0,1170.0,0,0.6083,0.5455,0.0628,1.901,2.11,0.526,0.474,1.0,1.901,2.11,0.0,0.0,unknown,1.0,1.0,0,0,0.0,0,0,0,1.0
2000,2024,21,2024-08-04 03:10:00,Greater Western Sydney,Hawthorn,Manuka Oval,84.0,82.0,1.0,9,10,False,1574.24,1535.52,38.72,1.0,0.8,0.6,82.4,79.7,0.4,1.0,0.8,0.8,96.5,70.5,0.2,0.8,10.6,9,7.0,6.0,0,1,0.0,650.0,650.0,1,0.4118,,,1.889,2.125,0.5295,0.4705,1.0,1.889,2.125,0.0,0.0,unknown,1.0,1.0,0,0,0.0,0,0,0,1.0
2001,2024,21,2024-08-04 05:20:00,Essendon,Fremantle,M.C.G.,90.0,89.0,1.0,5,6,False,1485.59,1565.34,-79.75,0.0,0.2,0.4,85.1,91.1,-0.4,0.6667,0.8,0.7,95.9,77.3,-0.0333,0.8,0.2,6,7.0,7.0,0,1,0.0,2720.0,2720.0,1,0.3824,0.5294,-0.147,2.326,1.754,0.43,0.57,1.0,2.326,1.754,0.0,0.0,unknown,1.0,1.0,0,0,0.0,0,0,0,1.0
2002,2024,21,2024-08-04 06:40:00,St Kilda,Brisbane Lions,Docklands,39.0,124.0,0.0,15,2,False,1464.11,1650.02,-185.91,0.6667,0.6,0.5,76.0,72.5,0.1667,1.0,1.0,0.9,109.1,79.6,0.1,0.4,-8.6,6,8.0,8.0,0,1,0.0,1730.0,1730.0,0,0.4854,0.4231,0.0623,2.417,1.706,0.4137,0.5863,1.0,2.417,1.706,0.0,0.0,unknown,1.0,1.0,0,0,0.0,0,0,0,1.0
2003,2024,22,2024-08-09 09:40:00,Sydney,Collingwood,S.C.G.,89.0,86.0,1.0,16,4,False,1577.07,1580.63,-3.56,0.0,0.2,0.5,90.4,86.8,-0.5,0.6667,0.4,0.4,85.0,90.9,0.2667,0.8,10.6,8,6.0,6.0,0,1,0.0,870.0,870.0,0,0.6327,0.3333,0.2994,1.438,3.282,0.6953,0.3047,1.0,1.438,3.282,0.0,0.0,unknown,1.0,1.0,0,0,0.0,0,0,0,1.0
2004,2024,22,2024-08-10 03:45:00,Brisbane Lions,Greater Western Sydney,Gabba,64.0,82.0,0.0,2,9,False,1660.06,1588.46,71.6,1.0,1.0,0.9,105.2,79.1,0.1,1.0,1.0,0.7,86.5,80.9,0.3,0.4,-2.4,6,5.0,6.0,0,0,0.0,0.0,0.0,0,0.6071,0.5,0.1071,1.342,3.92,0.7449,0.2551,1.0,1.342,3.92,0.0,0.0,unknown,1.0,1.0,0,0,0.0,0,0,0,1.0
2005,2024,22,2024-08-10 03:45:00,North Melbourne,West Coast,Bellerive Oval,97.0,102.0,0.0,12,17,False,1268.19,1279.82,-11.63,0.3333,0.4,0.3,75.7,94.9,0.0333,0.3333,0.2,0.1,66.0,103.7,0.2333,0.6,0.4,6,7.0,7.0,1,1,310.0,3560.0,3250.0,1,0.4375,,,1.726,2.378,0.5795,0.4205,1.0,1.726,2.378,0.0,0.0,unknown,1.0,1.0,0,0,0.0,0,0,0,1.0
2006,2024,22,2024-08-10 06:35:00,Fremantle,Geelong,Perth Stadium,62.0,73.0,0.0,6,7,False,1545.73,1572.36,-26.63,0.6667,0.6,0.6,97.6,80.8,0.0667,0.6667,0.8,0.6,88.0,83.3,0.0667,0.4,-16.0,6,6.0,7.0,0,1,0.0,2720.0,2720.0,0,0.5846,0.4444,0.1402,1.618,2.617,0.6179,0.3821,1.0,1.618,2.617,0.0,0.0,unknown,1.0,1.0,0,0,0.0,0,0,0,1.0
2007,2024,22,2024-08-10 09:30:00,Essendon,Gold Coast,Docklands,86.0,87.0,0.0,5,8,False,1505.2,1423.35,81.84,0.3333,0.4,0.4,83.5,93.4,-0.0667,0.0,0.2,0.3,75.9,85.6,-0.3,1.0,27.33,3,6.0,7.0,0,1,0.0,1730.0,1730.0,0,0.5455,0.2727,0.2728,1.567,2.763,0.6381,0.3619,1.0,1.567,2.763,0.0,0.0,unknown,1.0,1.0,0,0,0.0,0,0,0,1.0
2008,2024,22,2024-08-10 09:30:00,Melbourne,Port Adelaide,M.C.G.,51.0,53.0,0.0,11,13,False,1526.37,1590.43,-64.06,0.0,0.4,0.4,75.5,88.1,-0.4,1.0,0.8,0.6,89.1,76.6,0.4,0.4,-17.0,6,8.0,7.0,0,1,0.0,730.0,730.0,0,0.5431,0.5263,0.0168,3.083,1.48,0.3244,0.6756,1.0,3.083,1.48,0.0,0.0,unknown,1.0,1.0,0,0,0.0,0,0,0,1.0
2009,2024,22,2024-08-11 03:10:00,Carlton,Hawthorn,M.C.G.,38.0,112.0,0.0,3,10,False,1554.28,1521.3,32.99,0.3333,0.2,0.6,101.7,82.6,-0.2667,0.6667,0.6,0.8,96.8,70.9,-0.1333,0.6,-14.4,6,7.0,7.0,0,0,0.0,0.0,0.0,0,0.3951,0.4667,-0.0716,1.875,2.143,0.5334,0.4666,1.0,1.875,2.143,0.0,0.0,unknown,1.0,1.0,0,0,0.0,0,0,0,1.0
2010,2024,22,2024-08-11 05:20:00,Richmond,St Kilda,Docklands,51.0,99.0,0.0,14,15,False,1330.4,1454.07,-123.67,0.0,0.0,0.1,69.8,99.6,-0.1,0.6667,0.6,0.5,74.4,77.7,0.1667,0.6,6.4,7,8.0,6.0,0,0,0.0,0.0,0.0,1,0.3913,0.4808,-0.0895,4.232,1.309,0.2363,0.7637,1.0,4.232,1.309,0.0,0.0,unknown,1.0,1.0,0,0,0.0,0,0,0,1.0
2011,2024,22,2024-08-11 06:10:00,Adelaide,Western Bulldogs,Adelaide Oval,111.0,72.0,1.0,1,18,False,1441.75,1580.54,-138.79,0.3333,0.4,0.4,86.4,87.4,-0.0667,1.0,0.8,0.7,93.1,78.3,0.3,1.0,48.0,2,7.0,8.0,0,1,0.0,730.0,730.0,0,0.5714,0.3571,0.2143,2.903,1.526,0.3445,0.6555,1.0,2.903,1.526,0.0,0.0,unknown,1.0,1.0,0,0,0.0,0,0,0,1.0
2012,2024,23,2024-08-16 09:40:00,Essendon,Sydney,Docklands,59.0,98.0,0.0,5,16,False,1483.4,1590.94,-107.55,0.3333,0.2,0.3,83.5,94.7,0.0333,0.3333,0.4,0.5,89.1,86.6,-0.1667,0.6,10.6,5,6.0,7.0,0,1,0.0,870.0,870.0,0,0.5373,0.72,-0.1827,2.258,1.795,0.4428,0.5572,1.0,2.258,1.795,0.0,0.0,unknown,1.0,1.0,0,0,0.0,0,0,0,1.0
2013,2024,23,2024-08-17 03:45:00,Gold Coast,Melbourne,Carrara,63.0,117.0,0.0,8,11,False,1445.15,1511.02,-65.87,0.3333,0.4,0.4,77.3,84.0,-0.0667,0.0,0.2,0.3,70.6,87.2,-0.3,0.0,-37.2,6,6.0,6.0,0,1,0.0,1730.0,1730.0,0,0.4,0.7143,-0.3143,1.429,3.333,0.7,0.3,1.0,1.429,3.333,0.0,0.0,unknown,1.0,1.0,0,0,0.0,0,0,0,1.0
2014,2024,23,2024-08-17 03:45:00,Greater Western Sydney,Fremantle,Sydney Showground,101.0,92.0,1.0,9,6,False,1609.84,1528.65,81.19,1.0,1.0,0.7,86.9,79.9,0.3,0.3333,0.4,0.6,96.3,80.6,-0.2667,0.6,13.8,6,7.0,6.0,0,1,0.0,3940.0,3940.0,0,0.6849,,,1.387,3.586,0.7211,0.2789,1.0,1.387,3.586,0.0,0.0,unknown,1.0,1.0,0,0,0.0,0,0,0,1.0
2015,2024,23,2024-08-17 06:35:00,Collingwood,Brisbane Lions,M.C.G.,79.0,78.0,1.0,4,2,False,1566.76,1638.68,-71.92,0.6667,0.4,0.4,86.1,92.3,0.2667,0.6667,0.8,0.9,104.1,77.3,-0.2333,0.6,11.0,5,7.0,7.0,0,1,0.0,1730.0,1730.0,0,0.5515,0.1176,0.4339,2.604,1.623,0.384,0.616,1.0,2.604,1.623,0.0,0.0,unknown,1.0,1.0,0,0,0.0,0,0,0,1.0
2016,2024,23,2024-08-17 09:30:00,Port Adelaide,Adelaide,Adelaide Oval,80.0,58.0,1.0,13,1,False,1605.78,1461.75,144.03,1.0,0.8,0.6,83.7,76.9,0.4,0.3333,0.6,0.4,83.8,90.8,-0.0667,0.6,25.8,9,7.0,6.0,0,0,0.0,0.0,0.0,0,0.6116,0.575,0.0366,1.499,3.004,0.6671,0.3329,1.0,1.499,3.004,0.0,0.0,unknown,1.0,1.0,0,0,0.0,0,0,0,1.0
2017,2024,23,2024-08-17 09:30:00,St Kilda,Geelong,Docklands,107.0,89.0,1.0,15,7,False,1464.6,1589.43,-124.83,0.6667,0.6,0.6,78.1,72.8,0.0667,1.0,0.8,0.7,87.9,81.7,0.3,0.4,-15.0,7,6.0,7.0,0,0,0.0,0.0,0.0,0,0.4857,0.6316,-0.1459,2.616,1.619,0.3823,0.6177,1.0,2.616,1.619,0.0,0.0,unknown,1.0,1.0,0,0,0.0,0,0,0,1.0
2018,2024,23,2024-08-18 03:10:00,Western Bulldogs,North Melbourne,Docklands,138.0,42.0,1.0,18,12,False,1560.53,1252.72,307.81,0.6667,0.8,0.7,91.5,79.2,-0.0333,0.3333,0.2,0.3,80.6,94.4,0.0333,0.6,10.4,6,6.0,7.0,0,0,0.0,0.0,0.0,0,0.6566,0.3187,0.3379,1.103,10.753,0.907,0.093,1.0,1.103,10.753,0.0,0.0,unknown,1.0,1.0,0,0,0.0,0,0,0,1.0
2019,2024,23,2024-08-18 05:20:00,Hawthorn,Richmond,M.C.G.,131.0,68.0,1.0,10,14,False,1541.05,1319.87,221.18,0.6667,0.8,0.8,98.0,67.2,-0.1333,0.0,0.0,0.1,67.5,100.9,-0.1,0.25,0.0,4,7.0,7.0,0,0,0.0,0.0,0.0,0,0.4725,0.6299,-0.1574,1.088,12.376,0.9192,0.0808,1.0,1.088,12.376,0.0,0.0,unknown,1.0,1.0,0,0,0.0,0,0,0,1.0
2020,2024,23,2024-08-18 06:40:00,West Coast,Carlton,Perth Stadium,34.0,99.0,0.0,17,3,False,1295.28,1534.53,-239.25,0.6667,0.4,0.2,72.4,99.7,0.4667,0.0,0.2,0.5,95.3,86.5,-0.5,0.6,-12.6,5,8.0,7.0,0,1,0.0,2720.0,2720.0,0,0.4714,0.625,-0.1536,1.813,2.23,0.5515,0.4485,1.0,1.813,2.23,0.0,0.0,unknown,1.0,1.0,0,0,0.0,0,0,0,1.0
2021,2024,24,2024-08-23 09:40:00,Melbourne,Collingwood,M.C.G.,57.0,103.0,0.0,11,4,False,1526.29,1583.76,-57.48,0.3333,0.2,0.4,77.4,79.4,-0.0667,0.6667,0.6,0.5,85.8,90.1,0.1667,0.4,3.8,9,6.0,6.0,0,0,0.0,0.0,0.0,0,0.5385,0.5547,-0.0162,2.221,1.819,0.4503,0.5497,1.0,2.221,1.819,0.0,0.0,unknown,1.0,1.0,0,0,0.0,0,0,0,1.0
2022,2024,24,2024-08-24 03:45:00,Geelong,West Coast,Kardinia Park,168.0,75.0,1.0,7,17,False,1570.04,1287.23,282.81,0.6667,0.6,0.6,86.9,85.5,0.0667,0.6667,0.4,0.2,69.0,101.4,0.4667,1.0,61.4,6,6.0,5.0,0,1,0.0,2720.0,2720.0,0,0.7818,0.0,0.7818,1.04,26.247,0.9619,0.0381,1.0,1.04,26.247,0.0,0.0,unknown,1.0,1.0,0,0,0.0,0,0,0,1.0
2023,2024,24,2024-08-24 04:10:00,Richmond,Gold Coast,M.C.G.,66.0,94.0,0.0,14,8,False,1314.31,1429.88,-115.56,0.0,0.0,0.1,67.4,104.1,-0.1,0.3333,0.2,0.3,74.5,87.7,0.0333,0.75,24.25,4,5.0,7.0,0,1,0.0,1730.0,1730.0,0,0.625,0.2,0.425,2.565,1.639,0.3899,0.6101,1.0,2.565,1.639,0.0,0.0,unknown,1.0,1.0,0,0,0.0,0,0,0,1.0
2024,2024,24,2024-08-24 06:35:00,Hawthorn,North Melbourne,York Park,170.0,46.0,1.0,10,12,False,1546.6,1249.11,297.49,0.6667,0.8,0.8,100.4,66.0,-0.1333,0.3333,0.2,0.2,77.4,101.7,0.1333,0.8,10.4,7,6.0,6.0,1,1,310.0,310.0,0.0,1,0.72,,,1.05,21.097,0.9526,0.0474,1.0,1.05,21.097,0.0,0.0,unknown,1.0,1.0,0,0,0.0,0,0,0,1.0
2025,2024,24,2024-08-24 09:25:00,Brisbane Lions,Essendon,Gabba,87.0,67.0,1.0,2,5,False,1621.67,1470.03,151.65,0.3333,0.6,0.8,100.5,78.1,-0.4667,0.3333,0.2,0.3,81.4,95.4,0.0333,0.4,8.0,5,7.0,7.0,0,1,0.0,1730.0,1730.0,0,0.6018,0.375,0.2268,1.143,8.013,0.8752,0.1248,1.0,1.143,8.013,0.0,0.0,unknown,1.0,1.0,0,0,0.0,0,0,0,1.0
2026,2024,24,2024-08-24 09:40:00,Sydney,Adelaide,S.C.G.,121.0,90.0,1.0,16,1,False,1604.32,1453.86,150.46,0.6667,0.4,0.5,87.7,84.3,0.1667,0.3333,0.4,0.4,81.6,88.1,-0.0667,0.6,13.2,6,8.0,7.0,0,1,0.0,1170.0,1170.0,0,0.6364,0.3333,0.3031,1.412,3.427,0.7082,0.2918,1.0,1.412,3.427,0.0,0.0,unknown,1.0,1.0,0,0,0.0,0,0,0,1.0
2027,2024,24,2024-08-25 02:30:00,Western Bulldogs,Greater Western Sydney,Eureka Stadium,98.0,61.0,1.0,18,9,False,1564.15,1620.07,-55.92,0.6667,0.8,0.7,95.3,75.2,-0.0333,1.0,1.0,0.8,89.1,80.6,0.2,0.6,4.2,5,6.0,7.0,0,0,0.0,0.0,0.0,1,0.7778,,,1.459,3.181,0.6856,0.3144,1.0,1.459,3.181,0.0,0.0,unknown,1.0,1.0,0,0,0.0,0,0,0,1.0
2028,2024,24,2024-08-25 05:20:00,Carlton,St Kilda,Docklands,74.0,76.0,0.0,3,15,False,1542.59,1484.0,58.59,0.3333,0.4,0.5,94.5,82.8,-0.1667,0.6667,0.8,0.6,80.6,74.9,0.0667,0.2,-23.2,5,6.0,7.0,0,0,0.0,0.0,0.0,0,0.3833,0.4906,-0.1073,2.145,1.873,0.4662,0.5338,1.0,2.145,1.873,0.0,0.0,unknown,1.0,1.0,0,0,0.0,0,0,0,1.0
2029,2024,24,2024-08-25 08:10:00,Fremantle,Port Adelaide,Perth Stadium,67.0,87.0,0.0,6,13,False,1518.42,1613.67,-95.25,0.0,0.4,0.5,91.4,85.8,-0.5,1.0,1.0,0.7,84.6,72.0,0.3,0.6,-1.4,7,8.0,7.0,0,1,0.0,2130.0,2130.0,0,0.5758,0.4,0.1758,1.778,2.286,0.5625,0.4375,1.0,1.778,2.286,0.0,0.0,unknown,1.0,1.0,0,0,0.0,0,0,0,1.0
2030,2024,25,2024-09-05 09:40:00,Port Adelaide,Geelong,Adelaide Oval,54.0,138.0,0.0,13,7,True,1627.6,1574.14,53.46,1.0,1.0,0.8,88.2,71.4,0.2,0.6667,0.8,0.7,95.5,81.8,-0.0333,0.6,12.8,9,11.0,12.0,0,1,0.0,730.0,730.0,0,0.6148,0.5789,0.0359,1.379,3.638,0.7251,0.2749,1.0,1.379,3.638,0.0,0.0,unknown,1.0,1.0,0,0,0.0,0,0,0,1.0
2031,2024,25,2024-09-06 09:40:00,Western Bulldogs,Hawthorn,M.C.G.,62.0,99.0,0.0,18,10,True,1582.71,1551.49,31.22,0.6667,0.8,0.8,98.0,69.9,-0.1333,1.0,0.8,0.8,108.9,62.7,0.2,0.4,-0.4,5,12.0,13.0,0,0,0.0,0.0,0.0,1,0.5455,0.4783,0.0672,1.714,2.402,0.5836,0.4164,1.0,1.714,2.402,0.0,0.0,unknown,1.0,1.0,0,0,0.0,0,0,0,1.0
2032,2024,25,2024-09-07 05:20:00,Sydney,Greater Western Sydney,S.C.G.,88.0,82.0,1.0,16,9,True,1611.99,1601.52,10.47,1.0,0.6,0.5,88.9,86.6,0.5,0.6667,0.8,0.7,87.9,85.3,-0.0333,0.4,19.6,13,13.0,13.0,0,0,0.0,0.0,0.0,0,0.64,0.5,0.14,1.633,2.579,0.6122,0.3878,1.0,1.633,2.579,0.0,0.0,unknown,1.0,1.0,0,0,0.0,0,0,0,1.0
2033,2024,25,2024-09-07 09:30:00,Brisbane Lions,Carlton,Gabba,99.0,71.0,1.0,2,3,True,1629.31,1521.74,107.56,0.3333,0.6,0.8,96.6,74.2,-0.4667,0.3333,0.2,0.4,92.3,83.4,-0.0667,1.0,32.2,7,14.0,13.0,0,1,0.0,1730.0,1730.0,0,0.6053,0.1,0.5053,1.292,4.421,0.7738,0.2262,1.0,1.292,4.421,0.0,0.0,unknown,1.0,1.0,0,0,0.0,0,0,0,1.0
2034,2024,26,2024-09-13 09:40:00,Port Adelaide,Hawthorn,Adelaide Oval,75.0,72.0,1.0,13,10,True,1606.97,1568.92,38.05,0.6667,0.8,0.8,86.3,70.0,-0.1333,1.0,0.8,0.8,109.1,64.0,0.2,0.8,10.6,7,8.0,7.0,0,1,0.0,730.0,730.0,0,0.6098,0.4375,0.1723,2.31,1.763,0.4329,0.5671,1.0,2.31,1.763,0.0,0.0,unknown,1.0,1.0,0,0,0.0,0,0,0,1.0
2035,2024,26,2024-09-14 09:30:00,Greater Western Sydney,Brisbane Lions,Sydney Showground,100.0,105.0,0.0,9,2,True,1588.28,1638.51,-50.23,0.3333,0.6,0.7,88.6,83.9,-0.3667,0.6667,0.6,0.8,91.3,74.0,-0.1333,0.2,-9.4,7,7.0,7.0,0,1,0.0,980.0,980.0,0,0.6892,0.4,0.2892,1.738,2.355,0.5754,0.4246,1.0,1.738,2.355,0.0,0.0,unknown,1.0,1.0,0,0,0.0,0,0,0,1.0
2036,2024,27,2024-09-20 09:40:00,Sydney,Port Adelaide,S.C.G.,95.0,59.0,1.0,16,13,True,1625.23,1619.0,6.23,1.0,0.8,0.5,87.5,87.3,0.5,0.6667,0.8,0.8,87.6,71.2,-0.1333,0.4,4.8,5,13.0,7.0,0,1,0.0,1170.0,1170.0,0,0.6436,0.6,0.0436,1.393,3.547,0.7181,0.2819,1.0,1.393,3.547,0.0,0.0,unknown,1.0,1.0,0,0,0.0,0,0,0,1.0
2037,2024,27,2024-09-21 07:15:00,Geelong,Brisbane Lions,M.C.G.,85.0,95.0,0.0,7,2,True,1594.77,1654.5,-59.73,0.6667,0.8,0.8,101.8,73.4,-0.1333,1.0,0.6,0.8,93.2,75.9,0.2,1.0,30.2,7,15.0,6.0,0,1,0.0,1730.0,1730.0,1,0.5902,0.1111,0.4791,1.906,2.103,0.5246,0.4754,1.0,1.906,2.103,0.0,0.0,unknown,1.0,1.0,0,0,0.0,0,0,0,1.0
2038,2024,28,2024-09-28 04:30:00,Sydney,Brisbane Lions,M.C.G.,60.0,120.0,0.0,16,2,True,1638.67,1667.77,-29.11,1.0,1.0,0.6,87.2,83.3,0.4,1.0,0.8,0.8,93.0,75.8,0.2,0.3333,-0.67,3,7.0,6.0,1,1,870.0,1730.0,860.0,1,0.5172,0.1579,0.3593,1.808,2.238,0.5532,0.4468,1.0,1.808,2.238,0.0,0.0,unknown,1.0,1.0,0,0,0.0,0,0,0,1.0
2039,2025,1,2025-03-13 08:30:00,Richmond,Carlton,M.C.G.,82.0,69.0,1.0,14,3,False,1350.97,1509.4,-158.43,0.0,0.0,0.0,66.1,106.4,0.0,0.3333,0.2,0.3,85.6,85.8,0.0333,0.6,0.6,10,201.0,186.0,0,0,0.0,0.0,0.0,0,0.6202,0.3902,0.23,11.891,1.092,0.0841,0.9159,1.0,11.891,1.092,0.0,0.0,unknown,1.0,1.0,0,0,0.0,0,0,0,1.0
2040,2025,1,2025-03-14 08:40:00,Hawthorn,Essendon,M.C.G.,111.0,85.0,1.0,10,5,False,1542.67,1471.79,70.88,0.6667,0.8,0.7,106.9,68.2,-0.0333,0.0,0.2,0.3,81.1,94.5,-0.3,0.4,-9.2,5,181.0,201.0,0,0,0.0,0.0,0.0,0,0.4839,0.3913,0.0926,1.302,4.314,0.7682,0.2318,1.0,1.302,4.314,0.0,0.0,unknown,1.0,1.0,0,0,0.0,0,0,0,1.0
2041,2025,1,2025-03-15 02:20:00,Geelong,Fremantle,Kardinia Park,147.0,69.0,1.0,7,6,False,1561.12,1503.37,57.75,0.6667,0.6,0.7,99.8,76.9,-0.0333,0.0,0.2,0.5,89.9,79.6,-0.5,0.4,16.2,5,174.0,201.0,0,1,0.0,2720.0,2720.0,0,0.7857,,,1.449,3.225,0.6899,0.3101,1.0,1.449,3.225,0.0,0.0,unknown,1.0,1.0,0,0,0.0,0,0,0,1.0
2042,2025,1,2025-03-15 05:15:00,Sydney,Brisbane Lions,S.C.G.,82.0,86.0,0.0,16,2,False,1593.0,1636.83,-43.82,0.6667,0.8,0.6,85.0,86.9,0.0667,1.0,1.0,0.8,94.4,72.5,0.2,0.25,-15.5,4,168.0,168.0,0,1,0.0,980.0,980.0,0,0.6471,,,2.262,1.792,0.442,0.558,1.0,2.262,1.792,0.0,0.0,unknown,1.0,1.0,0,0,0.0,0,0,0,1.0
2043,2025,1,2025-03-15 08:35:00,Collingwood,Port Adelaide,M.C.G.,136.0,45.0,1.0,4,13,False,1574.56,1579.18,-4.61,0.6667,0.8,0.5,87.2,90.7,0.1667,0.3333,0.6,0.7,83.3,75.3,-0.3667,0.6,20.4,9,203.0,175.0,0,1,0.0,730.0,730.0,0,0.558,0.55,0.008,1.606,2.65,0.6227,0.3773,1.0,1.606,2.65,0.0,0.0,unknown,1.0,1.0,0,0,0.0,0,0,0,1.0
2044,2025,1,2025-03-15 08:35:00,Western Bulldogs,North Melbourne,Docklands,113.0,97.0,1.0,18,12,False,1548.95,1308.16,240.79,0.6667,0.6,0.7,89.3,71.6,-0.0333,0.0,0.2,0.2,70.2,106.8,-0.2,0.6,29.4,7,189.0,203.0,0,0,0.0,0.0,0.0,0,0.66,0.3152,0.3448,1.384,3.605,0.7226,0.2774,1.0,1.384,3.605,0.0,0.0,unknown,1.0,1.0,0,0,0.0,0,0,0,1.0
2045,2025,1,2025-03-16 01:35:00,Adelaide,St Kilda,Adelaide Oval,135.0,72.0,1.0,1,15,False,1459.64,1503.63,-43.99,0.3333,0.2,0.4,83.5,92.3,-0.0667,1.0,0.8,0.6,83.1,77.5,0.4,0.6,12.4,8,203.0,202.0,0,1,0.0,730.0,730.0,0,0.5702,0.1875,0.3827,1.32,4.125,0.7576,0.2424,1.0,1.32,4.125,0.0,0.0,unknown,1.0,1.0,0,0,0.0,0,0,0,1.0
2046,2025,1,2025-03-16 04:20:00,Melbourne,Greater Western Sydney,M.C.G.,74.0,77.0,0.0,11,9,False,1507.97,1554.22,-46.24,0.3333,0.2,0.4,78.0,80.8,-0.0667,0.0,0.4,0.7,90.8,85.0,-0.7,0.2,5.6,8,204.0,182.0,0,0,0.0,0.0,0.0,0,0.5339,0.3333,0.2006,2.455,1.687,0.4074,0.5926,1.0,2.455,1.687,0.0,0.0,unknown,1.0,1.0,0,0,0.0,0,0,0,1.0
2047,2025,1,2025-03-16 07:10:00,West Coast,Gold Coast,Perth Stadium,49.0,136.0,0.0,17,8,False,1337.34,1457.17,-119.83,0.3333,0.4,0.2,70.0,110.8,0.1333,0.6667,0.4,0.4,79.1,89.2,0.2667,0.6,-7.8,8,204.0,204.0,0,1,0.0,4390.0,4390.0,0,0.4648,0.2857,0.1791,2.503,1.666,0.3996,0.6004,1.0,2.503,1.666,0.0,0.0,unknown,1.0,1.0,0,0,0.0,0,0,0,1.0
2048,2025,2,2025-03-20 08:30:00,Carlton,Hawthorn,M.C.G.,60.0,80.0,0.0,3,10,False,1488.57,1553.32,-64.75,0.0,0.2,0.2,79.4,87.0,-0.2,0.6667,0.8,0.8,112.1,65.7,-0.1333,0.4,-30.6,7,7.0,5.0,0,0,0.0,0.0,0.0,0,0.3855,0.4894,-0.1039,3.032,1.492,0.3298,0.6702,1.0,3.032,1.492,0.0,0.0,unknown,1.0,1.0,0,0,0.0,0,0,0,1.0
2049,2025,2,2025-03-21 08:40:00,Western Bulldogs,Collingwood,M.C.G.,70.0,76.0,0.0,18,4,False,1554.01,1588.49,-34.48,0.6667,0.6,0.7,92.9,75.3,-0.0333,1.0,0.8,0.5,88.9,83.4,0.5,0.4,-10.4,5,6.0,6.0,0,0,0.0,0.0,0.0,1,0.5217,0.5612,-0.0395,3.195,1.456,0.313,0.687,1.0,3.195,1.456,0.0,0.0,unknown,1.0,1.0,0,0,0.0,0,0,0,1.0
2050,2025,2,2025-03-22 02:20:00,Essendon,Adelaide,M.C.G.,100.0,161.0,0.0,5,1,False,1461.15,1475.37,-14.22,0.0,0.2,0.2,77.4,96.4,-0.2,0.3333,0.4,0.5,90.3,88.6,-0.1667,0.8,19.0,7,7.0,6.0,0,1,0.0,730.0,730.0,1,0.3857,0.3158,0.0699,2.851,1.54,0.3508,0.6492,1.0,2.851,1.54,0.0,0.0,unknown,1.0,1.0,0,0,0.0,0,0,0,1.0
2051,2025,2,2025-03-22 05:15:00,Port Adelaide,Richmond,Adelaide Oval,140.0,68.0,1.0,13,14,False,1565.26,1371.81,193.45,0.3333,0.4,0.7,79.6,79.3,-0.3667,0.3333,0.2,0.1,69.4,103.6,0.2333,0.6,6.0,11,6.0,8.0,0,1,0.0,730.0,730.0,0,0.6129,0.4,0.2129,1.133,8.518,0.8826,0.1174,1.0,1.133,8.518,0.0,0.0,unknown,1.0,1.0,0,0,0.0,0,0,0,1.0
2052,2025,2,2025-03-22 08:35:00,St Kilda,Geelong,Docklands,98.0,91.0,1.0,15,7,False,1487.91,1572.31,-84.4,0.6667,0.6,0.6,79.7,78.4,0.0667,0.6667,0.6,0.7,103.5,77.9,-0.0333,0.6,-3.8,8,6.0,7.0,0,0,0.0,0.0,0.0,0,0.4953,0.6,-0.1047,3.82,1.355,0.2618,0.7382,1.0,3.82,1.355,0.0,0.0,unknown,1.0,1.0,0,0,0.0,0,0,0,1.0
2053,2025,2,2025-03-23 02:10:00,Brisbane Lions,West Coast,Gabba,94.0,75.0,1.0,2,17,False,1653.11,1324.52,328.6,1.0,1.0,0.8,95.1,73.0,0.2,0.0,0.4,0.2,65.7,112.2,-0.2,1.0,53.6,8,7.0,6.0,0,1,0.0,4390.0,4390.0,0,0.6087,0.5455,0.0632,1.037,27.778,0.964,0.036,1.0,1.037,27.778,0.0,0.0,unknown,1.0,1.0,0,0,0.0,0,0,0,1.0
2054,2025,2,2025-03-23 04:20:00,North Melbourne,Melbourne,Docklands,125.0,66.0,1.0,12,11,False,1303.11,1491.8,-188.69,0.0,0.2,0.2,73.2,111.1,-0.2,0.3333,0.2,0.3,78.4,81.8,0.0333,0.4,-20.0,6,7.0,7.0,0,0,0.0,0.0,0.0,0,0.3118,0.65,-0.3382,3.017,1.496,0.3315,0.6685,1.0,3.017,1.496,0.0,0.0,unknown,1.0,1.0,0,0,0.0,0,0,0,1.0
2055,2025,2,2025-03-23 07:10:00,Fremantle,Sydney,Perth Stadium,65.0,68.0,0.0,6,16,False,1492.18,1576.72,-84.54,0.0,0.0,0.4,88.3,87.8,-0.4,0.3333,0.6,0.5,79.4,89.6,-0.1667,0.4,-12.2,9,8.0,8.0,0,1,0.0,3940.0,3940.0,0,0.5672,0.625,-0.0578,1.711,2.407,0.5846,0.4154,1.0,1.711,2.407,0.0,0.0,unknown,1.0,1.0,0,0,0.0,0,0,0,1.0
2056,2025,3,2025-03-27 08:30:00,Essendon,Port Adelaide,Docklands,72.0,60.0,1.0,5,13,False,1445.8,1571.58,-125.78,0.0,0.0,0.2,81.4,102.0,-0.2,0.3333,0.4,0.7,82.0,78.6,-0.3667,0.4,-11.0,6,5.0,5.0,0,1,0.0,730.0,730.0,0,0.5294,0.7619,-0.2325,2.295,1.772,0.4358,0.5642,1.0,2.295,1.772,0.0,0.0,unknown,1.0,1.0,0,0,0.0,0,0,0,1.0
2057,2025,3,2025-03-28 08:40:00,Carlton,Western Bulldogs,Docklands,75.0,83.0,0.0,3,18,False,1473.25,1539.59,-66.34,0.0,0.2,0.2,75.0,83.4,-0.2,0.3333,0.6,0.7,94.5,72.7,-0.3667,0.2,-1.6,6,8.0,7.0,0,0,0.0,0.0,0.0,0,0.377,0.6634,-0.2864,2.008,1.992,0.4981,0.5019,1.0,2.008,1.992,0.0,0.0,unknown,1.0,1.0,0,0,0.0,0,0,0,1.0
2058,2025,3,2025-03-29 02:20:00,Melbourne,Gold Coast,M.C.G.,62.0,120.0,0.0,11,8,False,1469.73,1470.0,-0.27,0.0,0.2,0.3,76.9,85.7,-0.3,0.6667,0.6,0.5,86.2,85.6,0.1667,1.0,35.2,5,5.0,12.0,0,1,0.0,1730.0,1730.0,0,0.5294,0.2727,0.2567,2.155,1.866,0.464,0.536,1.0,2.155,1.866,0.0,0.0,unknown,1.0,1.0,0,0,0.0,0,0,0,1.0
2059,2025,3,2025-03-29 05:15:00,St Kilda,Richmond,Docklands,135.0,53.0,1.0,15,14,False,1505.49,1365.49,140.0,0.6667,0.8,0.7,83.5,81.3,-0.0333,0.3333,0.2,0.1,69.2,104.5,0.2333,0.6,-4.8,8,6.0,7.0,0,0,0.0,0.0,0.0,0,0.5,0.375,0.125,1.239,5.184,0.8071,0.1929,1.0,1.239,5.184,0.0,0.0,unknown,1.0,1.0,0,0,0.0,0,0,0,1.0
2060,2025,3,2025-03-29 08:35:00,Brisbane Lions,Geelong,Gabba,70.0,61.0,1.0,2,7,False,1656.36,1554.73,101.63,1.0,1.0,0.8,95.2,74.0,0.2,0.3333,0.6,0.6,103.5,80.6,-0.2667,0.6,-2.0,7,6.0,7.0,0,1,0.0,1730.0,1730.0,0,0.6121,0.6667,-0.0546,1.539,2.854,0.6496,0.3504,1.0,1.539,2.854,0.0,0.0,unknown,1.0,1.0,0,0,0.0,0,0,0,1.0
2061,2025,3,2025-03-29 08:35:00,Hawthorn,Greater Western Sydney,York Park,76.0,64.0,1.0,10,9,False,1568.64,1570.39,-1.75,0.6667,0.8,0.8,111.4,64.3,-0.1333,0.3333,0.4,0.7,86.9,82.0,-0.3667,0.6667,13.0,3,9.0,13.0,1,0,310.0,0.0,-310.0,1,0.7308,,,1.583,2.716,0.6318,0.3682,1.0,1.583,2.716,0.0,0.0,unknown,1.0,1.0,0,0,0.0,0,0,0,1.0
2062,2025,3,2025-03-30 04:20:00,Adelaide,North Melbourne,Adelaide Oval,114.0,78.0,1.0,1,12,False,1490.71,1325.18,165.53,0.6667,0.6,0.5,97.0,90.8,0.1667,0.3333,0.2,0.3,79.7,110.0,0.0333,1.0,42.0,7,8.0,7.0,0,1,0.0,730.0,730.0,0,0.5738,0.0,0.5738,1.13,8.711,0.8852,0.1148,1.0,1.13,8.711,0.0,0.0,unknown,1.0,1.0,0,0,0.0,0,0,0,1.0
2063,2025,3,2025-03-30 07:10:00,West Coast,Fremantle,Perth Stadium,68.0,106.0,0.0,17,6,False,1321.26,1477.77,-156.5,0.0,0.2,0.2,69.9,112.2,-0.2,0.0,0.0,0.3,84.9,84.8,-0.3,0.6,-9.4,9,7.0,7.0,0,0,0.0,0.0,0.0,0,0.4583,0.5588,-0.1005,3.946,1.339,0.2534,0.7466,1.0,3.946,1.339,0.0,0.0,unknown,1.0,1.0,0,0,0.0,0,0,0,1.0
2064,2025,4,2025-04-03 08:30:00,Collingwood,Carlton,M.C.G.,63.0,46.0,1.0,4,3,False,1602.9,1458.0,144.91,1.0,0.8,0.6,87.5,80.3,0.4,0.0,0.0,0.2,73.9,81.7,-0.2,0.6,-3.8,8,12.0,5.0,0,0,0.0,0.0,0.0,0,0.5643,0.381,0.1833,1.459,3.18,0.6855,0.3145,1.0,1.459,3.18,0.0,0.0,unknown,1.0,1.0,0,0,0.0,0,0,0,1.0
2065,2025,4,2025-04-04 08:40:00,Geelong,Melbourne,Kardinia Park,85.0,46.0,1.0,7,11,False,1545.3,1451.46,93.85,0.3333,0.4,0.6,104.8,78.1,-0.2667,0.0,0.2,0.2,71.9,91.9,-0.2,0.8,24.2,8,6.0,6.0,0,0,0.0,0.0,0.0,0,0.7895,0.2,0.5895,1.226,5.417,0.8154,0.1846,1.0,1.226,5.417,0.0,0.0,unknown,1.0,1.0,0,0,0.0,0,0,0,1.0
2066,2025,4,2025-04-05 02:20:00,Gold Coast,Adelaide,Carrara,91.0,90.0,1.0,8,1,False,1488.27,1497.89,-9.62,1.0,0.8,0.5,88.1,82.8,0.5,1.0,0.6,0.6,99.8,88.9,0.4,0.8,6.4,8,7.0,5.0,0,1,0.0,1600.0,1600.0,0,0.3956,0.4545,-0.0589,1.764,2.309,0.5669,0.4331,1.0,1.764,2.309,0.0,0.0,unknown,1.0,1.0,0,0,0.0,0,0,0,1.0
2067,2025,4,2025-04-05 05:15:00,Richmond,Brisbane Lions,M.C.G.,90.0,118.0,0.0,14,2,False,1357.46,1665.79,-308.33,0.3333,0.2,0.1,69.1,107.5,0.2333,1.0,1.0,0.8,89.8,76.2,0.2,1.0,37.6,7,7.0,6.0,0,1,0.0,1730.0,1730.0,0,0.6231,0.2,0.4231,10.582,1.104,0.0945,0.9055,1.0,10.582,1.104,0.0,0.0,unknown,1.0,1.0,0,0,0.0,0,0,0,1.0
2068,2025,4,2025-04-05 08:35:00,North Melbourne,Sydney,Docklands,52.0,117.0,0.0,12,16,False,1318.0,1591.13,-273.14,0.3333,0.2,0.2,78.8,113.1,0.1333,0.3333,0.6,0.6,78.5,88.2,-0.2667,0.0,-14.2,9,6.0,13.0,0,1,0.0,870.0,870.0,0,0.3191,0.7308,-0.4117,2.246,1.803,0.4453,0.5547,1.0,2.246,1.803,0.0,0.0,unknown,1.0,1.0,0,0,0.0,0,0,0,1.0
2069,2025,4,2025-04-06 03:10:00,Greater Western Sydney,West Coast,Sydney Showground,132.0,51.0,1.0,9,17,False,1554.31,1310.02,244.29,0.3333,0.2,0.6,82.5,81.2,-0.2667,0.0,0.0,0.2,70.9,111.6,-0.2,0.8,26.2,6,7.0,6.0,0,1,0.0,3940.0,3940.0,0,0.68,0.3333,0.3467,1.03,34.247,0.9708,0.0292,1.0,1.03,34.247,0.0,0.0,unknown,1.0,1.0,0,0,0.0,0,0,0,1.0
2070,2025,4,2025-04-06 05:20:00,Port Adelaide,St Kilda,Adelaide Oval,72.0,89.0,0.0,13,15,False,1552.14,1513.52,38.63,0.3333,0.4,0.6,80.1,79.3,-0.2667,0.6667,0.8,0.7,88.6,78.4,-0.0333,0.8,14.6,7,9.0,8.0,0,1,0.0,730.0,730.0,0,0.616,0.1765,0.4395,1.532,2.879,0.6526,0.3474,1.0,1.532,2.879,0.0,0.0,unknown,1.0,1.0,0,0,0.0,0,0,0,1.0
2071,2025,4,2025-04-06 07:10:00,Fremantle,Western Bulldogs,Perth Stadium,97.0,81.0,1.0,6,18,False,1489.01,1554.84,-65.83,0.3333,0.2,0.3,85.0,86.2,0.0333,0.6667,0.6,0.7,92.8,71.6,-0.0333,0.4,-14.0,9,7.0,8.0,0,1,0.0,2720.0,2720.0,0,0.5652,0.4444,0.1208,1.666,2.502,0.6003,0.3997,1.0,1.666,2.502,0.0,0.0,unknown,1.0,1.0,0,0,0.0,0,0,0,1.0
2072,2025,5,2025-04-10 09:40:00,Adelaide,Geelong,Adelaide Oval,100.0,119.0,0.0,1,7,False,1483.74,1555.03,-71.29,0.6667,0.6,0.5,101.7,94.1,0.1667,0.3333,0.4,0.6,102.7,76.1,-0.2667,0.4,-8.8,8,5.0,6.0,0,1,0.0,730.0,730.0,0,0.5772,0.6,-0.0228,1.494,3.026,0.6695,0.3305,1.0,1.494,3.026,0.0,0.0,unknown,1.0,1.0,0,0,0.0,0,0,0,1.0
2073,2025,5,2025-04-11 09:40:00,Collingwood,Sydney,Adelaide Oval,109.0,78.0,1.0,4,16,False,1610.76,1598.07,12.69,1.0,1.0,0.7,85.8,75.7,0.3,0.6667,0.6,0.7,85.4,84.7,-0.0333,0.6667,1.67,3,8.0,6.0,1,1,730.0,1170.0,440.0,1,0.75,0.5,0.25,1.737,2.357,0.5757,0.4243,1.0,1.737,2.357,0.0,0.0,unknown,1.0,1.0,0,0,0.0,0,0,0,1.0
2074,2025,5,2025-04-12 02:35:00,North Melbourne,Gold Coast,Barossa Park,89.0,141.0,0.0,12,8,False,1311.06,1502.42,-191.36,0.3333,0.2,0.2,78.1,111.0,0.1333,1.0,0.8,0.6,88.9,83.1,0.4,0.8,3.6,6,6.0,7.0,1,1,730.0,1600.0,870.0,1,,,,4.474,1.288,0.2235,0.7765,1.0,4.474,1.288,0.0,0.0,unknown,1.0,1.0,0,0,0.0,0,0,0,1.0
2075,2025,5,2025-04-12 03:20:00,Carlton,West Coast,Adelaide Oval,121.0,50.0,1.0,3,17,False,1450.14,1305.05,145.08,0.0,0.0,0.1,67.8,79.2,-0.1,0.0,0.0,0.2,66.7,114.2,-0.2,0.2,1.6,5,8.0,6.0,1,1,730.0,2130.0,1400.0,1,0.25,0.4706,-0.2206,1.134,8.489,0.8822,0.1178,1.0,1.134,8.489,0.0,0.0,unknown,1.0,1.0,0,0,0.0,0,0,0,1.0
2076,2025,5,2025-04-12 06:15:00,Western Bulldogs,Brisbane Lions,Norwood Oval,97.0,118.0,0.0,18,2,False,1538.11,1671.69,-133.58,0.3333,0.4,0.6,91.4,76.5,-0.2667,1.0,1.0,0.9,95.2,77.0,0.1,0.8,4.0,8,5.0,7.0,1,1,730.0,1600.0,870.0,1,,,,2.625,1.615,0.3809,0.6191,1.0,2.625,1.615,0.0,0.0,unknown,1.0,1.0,0,0,0.0,0,0,0,1.0
2077,2025,5,2025-04-12 09:35:00,Melbourne,Essendon,Adelaide Oval,57.0,96.0,0.0,11,5,False,1441.73,1465.24,-23.51,0.0,0.0,0.1,68.1,93.7,-0.1,0.3333,0.2,0.2,79.4,100.0,0.1333,0.6667,9.33,3,8.0,16.0,1,1,730.0,730.0,0.0,1,0.6875,0.4286,0.2589,1.955,2.047,0.5114,0.4886,1.0,1.955,2.047,0.0,0.0,unknown,1.0,1.0,0,0,0.0,0,0,0,1.0
2078,2025,5,2025-04-13 02:35:00,Richmond,Fremantle,Barossa Park,47.0,108.0,0.0,14,6,False,1351.56,1505.74,-154.18,0.0,0.2,0.1,69.7,108.5,-0.1,0.6667,0.4,0.4,87.3,85.6,0.2667,0.4,9.6,6,7.0,6.0,1,1,730.0,2130.0,1400.0,1,,,,8.361,1.136,0.1196,0.8804,1.0,8.361,1.136,0.0,0.0,unknown,1.0,1.0,0,0,0.0,0,0,0,1.0
2079,2025,5,2025-04-13 05:20:00,St Kilda,Greater Western Sydney,Norwood Oval,82.0,110.0,0.0,15,9,False,1533.51,1559.28,-25.76,1.0,0.8,0.8,93.6,78.5,0.2,0.6667,0.4,0.6,86.8,81.3,0.0667,0.4,0.8,6,7.0,7.0,1,0,730.0,0.0,-730.0,1,,,,2.684,1.594,0.3726,0.6274,1.0,2.684,1.594,0.0,0.0,unknown,1.0,1.0,0,0,0.0,0,0,0,1.0
2080,2025,5,2025-04-13 09:20:00,Port Adelaide,Hawthorn,Adelaide Oval,121.0,91.0,1.0,13,10,False,1532.15,1584.72,-52.57,0.3333,0.2,0.5,72.5,84.6,-0.1667,1.0,0.8,0.8,105.7,64.0,0.2,0.8,1.0,8,7.0,15.0,0,1,0.0,730.0,730.0,0,0.6111,0.4118,0.1993,3.108,1.474,0.3218,0.6782,1.0,3.108,1.474,0.0,0.0,unknown,1.0,1.0,0,0,0.0,0,0,0,1.0
2081,2025,6,2025-04-17 09:30:00,Brisbane Lions,Collingwood,Gabba,53.0,105.0,0.0,2,4,False,1681.83,1626.18,55.65,1.0,1.0,1.0,99.2,78.8,0.0,1.0,1.0,0.8,89.6,74.4,0.2,0.8,22.6,9,5.0,5.0,0,1,0.0,1730.0,1730.0,0,0.6154,0.5625,0.0529,1.58,2.725,0.633,0.367,1.0,1.58,2.725,0.0,0.0,unknown,1.0,1.0,0,0,0.0,0,0,0,1.0
2082,2025,6,2025-04-18 05:20:00,North Melbourne,Carlton,Docklands,71.0,153.0,0.0,12,3,False,1303.08,1459.82,-156.74,0.0,0.2,0.2,78.2,114.4,-0.2,0.3333,0.2,0.2,73.4,76.3,0.1333,0.4,13.4,5,6.0,6.0,0,0,0.0,0.0,0.0,0,0.3158,0.371,-0.0552,3.072,1.483,0.3255,0.6745,1.0,3.072,1.483,0.0,0.0,unknown,1.0,1.0,0,0,0.0,0,0,0,1.0
2083,2025,6,2025-04-18 08:10:00,West Coast,Essendon,Perth Stadium,75.0,77.0,0.0,17,5,False,1295.37,1480.16,-184.79,0.0,0.0,0.2,67.6,115.0,-0.2,0.6667,0.4,0.3,82.3,97.3,0.3667,0.4,-9.4,10,6.0,5.0,0,1,0.0,2720.0,2720.0,0,0.4521,0.4444,0.0077,3.589,1.386,0.2786,0.7214,1.0,3.589,1.386,0.0,0.0,unknown,1.0,1.0,0,0,0.0,0,0,0,1.0
2084,2025,6,2025-04-19 03:20:00,Melbourne,Fremantle,M.C.G.,107.0,97.0,1.0,11,6,False,1426.81,1515.07,-88.26,0.0,0.0,0.1,67.2,91.7,-0.1,1.0,0.6,0.4,86.5,83.7,0.6,0.2,-25.8,10,6.0,6.0,0,1,0.0,2720.0,2720.0,0,0.525,0.5,0.025,3.834,1.353,0.2608,0.7392,1.0,3.834,1.353,0.0,0.0,unknown,1.0,1.0,0,0,0.0,0,0,0,1.0
2085,2025,6,2025-04-19 06:15:00,Adelaide,Greater Western Sydney,Adelaide Oval,52.0,34.0,1.0,1,9,False,1468.72,1574.09,-105.37,0.3333,0.6,0.4,100.2,94.7,-0.0667,0.6667,0.6,0.6,89.3,81.2,0.0667,0.4,-22.4,10,8.0,6.0,0,0,0.0,0.0,0.0,0,0.5726,0.4706,0.102,1.618,2.619,0.6182,0.3818,1.0,1.618,2.619,0.0,0.0,unknown,1.0,1.0,0,0,0.0,0,0,0,1.0
2086,2025,6,2025-04-19 09:35:00,Richmond,Gold Coast,Docklands,80.0,69.0,1.0,14,8,False,1342.23,1510.4,-168.18,0.0,0.2,0.1,66.9,107.7,-0.1,1.0,1.0,0.6,93.4,83.8,0.4,0.6,13.8,5,6.0,7.0,0,1,0.0,1730.0,1730.0,1,0.36,0.3043,0.0557,9.579,1.117,0.1044,0.8956,1.0,9.579,1.117,0.0,0.0,unknown,1.0,1.0,0,0,0.0,0,0,0,1.0
2087,2025,6,2025-04-20 05:20:00,Sydney,Port Adelaide,S.C.G.,77.0,85.0,0.0,16,13,False,1582.66,1548.27,34.39,0.6667,0.4,0.7,89.6,80.8,-0.0333,0.3333,0.4,0.5,79.3,88.6,-0.1667,0.4,10.0,6,8.0,6.0,0,1,0.0,1170.0,1170.0,0,0.6408,0.5,0.1408,1.632,2.581,0.6126,0.3874,1.0,1.632,2.581,0.0,0.0,unknown,1.0,1.0,0,0,0.0,0,0,0,1.0
2088,2025,6,2025-04-20 09:20:00,Western Bulldogs,St Kilda,Docklands,127.0,56.0,1.0,18,15,False,1527.97,1518.7,9.28,0.3333,0.4,0.5,92.4,83.5,-0.1667,0.6667,0.6,0.7,90.5,85.4,-0.0333,0.6,22.6,6,8.0,7.0,0,0,0.0,0.0,0.0,0,0.6667,0.5046,0.1621,1.602,2.662,0.6243,0.3757,1.0,1.602,2.662,0.0,0.0,unknown,1.0,1.0,0,0,0.0,0,0,0,1.0
2089,2025,6,2025-04-21 05:20:00,Geelong,Hawthorn,M.C.G.,86.0,79.0,1.0,7,10,False,1570.06,1568.6,1.45,0.6667,0.6,0.6,105.6,77.6,0.0667,0.6667,0.6,0.7,102.4,70.3,-0.0333,0.8,35.0,10,10.0,7.0,0,0,0.0,0.0,0.0,1,0.5806,0.4947,0.0859,2.002,1.998,0.4996,0.5004,1.0,2.002,1.998,0.0,0.0,unknown,1.0,1.0,0,0,0.0,0,0,0,1.0
2090,2025,7,2025-04-24 09:30:00,Melbourne,Richmond,M.C.G.,83.0,63.0,1.0,11,14,False,1444.56,1365.42,79.14,0.3333,0.2,0.2,69.6,92.9,0.1333,0.3333,0.2,0.2,68.2,105.3,0.1333,0.4,-10.8,6,5.0,4.0,0,0,0.0,0.0,0.0,0,0.5289,0.6183,-0.0894,1.346,3.887,0.7427,0.2573,1.0,1.346,3.887,0.0,0.0,unknown,1.0,1.0,0,0,0.0,0,0,0,1.0
2091,2025,7,2025-04-25 05:20:00,Collingwood,Essendon,M.C.G.,107.0,66.0,1.0,4,5,False,1646.9,1490.24,156.66,1.0,1.0,0.9,93.4,66.4,0.1,1.0,0.6,0.4,78.7,93.3,0.6,0.4,-6.8,10,7.0,6.0,0,0,0.0,0.0,0.0,0,0.5674,0.3803,0.1871,1.265,4.773,0.7905,0.2095,1.0,1.265,4.773,0.0,0.0,unknown,1.0,1.0,0,0,0.0,0,0,0,1.0
2092,2025,7,2025-04-25 10:10:00,Fremantle,Adelaide,Perth Stadium,85.0,67.0,1.0,6,1,False,1497.31,1487.25,10.07,0.6667,0.6,0.3,85.2,86.9,0.3667,0.3333,0.6,0.5,99.6,85.7,-0.1667,0.6667,-11.33,3,6.0,6.0,0,1,0.0,2130.0,2130.0,0,0.5714,0.4,0.1714,1.772,2.295,0.5643,0.4357,1.0,1.772,2.295,0.0,0.0,unknown,1.0,1.0,0,0,0.0,0,0,0,1.0
2093,2025,7,2025-04-26 03:20:00,St Kilda,Brisbane Lions,Docklands,73.0,118.0,0.0,15,2,False,1505.4,1661.11,-155.71,0.3333,0.6,0.6,85.3,92.6,-0.2667,0.6667,0.8,0.9,95.8,82.6,-0.2333,0.2,-31.8,7,5.0,8.0,0,1,0.0,1730.0,1730.0,0,0.5,0.4444,0.0556,2.862,1.537,0.3494,0.6506,1.0,2.862,1.537,0.0,0.0,unknown,1.0,1.0,0,0,0.0,0,0,0,1.0
2094,2025,7,2025-04-26 06:15:00,Port Adelaide,North Melbourne,Adelaide Oval,97.0,88.0,1.0,13,12,False,1568.08,1291.85,276.23,0.6667,0.6,0.5,79.8,90.5,0.1667,0.0,0.2,0.2,78.7,119.1,-0.2,1.0,43.0,2,6.0,8.0,0,1,0.0,730.0,730.0,0,0.6142,0.0,0.6142,1.129,8.726,0.8854,0.1146,1.0,1.129,8.726,0.0,0.0,unknown,1.0,1.0,0,0,0.0,0,0,0,1.0
2095,2025,7,2025-04-26 09:35:00,Greater Western Sydney,Western Bulldogs,Manuka Oval,81.0,113.0,0.0,9,18,False,1555.56,1541.27,14.29,0.6667,0.6,0.5,84.3,78.2,0.1667,0.3333,0.4,0.5,94.1,83.2,-0.1667,0.2,-8.6,10,7.0,6.0,0,1,0.0,650.0,650.0,1,0.4444,,,1.595,2.681,0.627,0.373,1.0,1.595,2.681,0.0,0.0,unknown,1.0,1.0,0,0,0.0,0,0,0,1.0
2096,2025,7,2025-04-27 03:15:00,Gold Coast,Sydney,Carrara,117.0,79.0,1.0,8,16,False,1487.21,1562.84,-75.63,0.6667,0.8,0.6,95.3,82.9,0.0667,0.3333,0.4,0.6,88.4,80.7,-0.2667,0.25,-24.75,4,7.0,6.0,0,1,0.0,980.0,980.0,0,0.4022,0.5556,-0.1534,1.457,3.188,0.6863,0.3137,1.0,1.457,3.188,0.0,0.0,unknown,1.0,1.0,0,0,0.0,0,0,0,1.0
2097,2025,7,2025-04-27 05:20:00,Carlton,Geelong,M.C.G.,94.0,76.0,1.0,3,7,False,1471.05,1585.99,-114.94,0.6667,0.4,0.3,80.6,75.0,0.3667,1.0,0.6,0.6,106.9,79.3,0.4,0.4,-10.0,6,9.0,6.0,0,0,0.0,0.0,0.0,0,0.3765,0.5873,-0.2108,2.282,1.78,0.4383,0.5617,1.0,2.282,1.78,0.0,0.0,unknown,1.0,1.0,0,0,0.0,0,0,0,1.0
2098,2025,7,2025-04-27 06:45:00,Hawthorn,West Coast,Docklands,124.0,74.0,1.0,10,17,False,1552.67,1285.28,267.38,0.3333,0.6,0.7,102.1,70.5,-0.3667,0.0,0.0,0.2,67.6,111.7,-0.2,0.4,16.4,8,6.0,8.0,0,1,0.0,2720.0,2720.0,1,0.6,0.3478,0.2522,1.054,19.38,0.9484,0.0516,1.0,1.054,19.38,0.0,0.0,unknown,1.0,1.0,0,0,0.0,0,0,0,1.0
2099,2025,8,2025-05-01 09:30:00,Essendon,North Melbourne,Docklands,65.0,62.0,1.0,5,12,False,1482.78,1287.6,195.17,0.6667,0.6,0.4,79.8,93.2,0.2667,0.0,0.0,0.1,78.5,121.1,-0.1,1.0,36.0,10,6.0,5.0,0,0,0.0,0.0,0.0,0,0.5362,0.3125,0.2237,1.335,3.984,0.749,0.251,1.0,1.335,3.984,0.0,0.0,unknown,1.0,1.0,0,0,0.0,0,0,0,1.0
2100,2025,8,2025-05-02 09:40:00,St Kilda,Fremantle,Docklands,94.0,33.0,1.0,15,6,False,1494.12,1510.58,-16.45,0.0,0.4,0.6,88.7,92.0,-0.6,0.6667,0.8,0.4,84.8,84.6,0.2667,0.6,3.6,7,6.0,6.0,0,1,0.0,2720.0,2720.0,0,0.4955,0.4167,0.0788,2.685,1.594,0.3725,0.6275,1.0,2.685,1.594,0.0,0.0,unknown,1.0,1.0,0,0,0.0,0,0,0,1.0
2101,2025,8,2025-05-03 03:20:00,Western Bulldogs,Port Adelaide,Eureka Stadium,131.0,41.0,1.0,18,13,False,1557.93,1572.32,-14.39,0.6667,0.6,0.6,98.2,80.2,0.0667,1.0,0.6,0.5,80.8,92.6,0.5,0.2,-4.2,5,6.0,6.0,0,0,0.0,0.0,0.0,1,0.8,,,1.336,3.973,0.7483,0.2517,1.0,1.336,3.973,0.0,0.0,unknown,1.0,1.0,0,0,0.0,0,0,0,1.0
2102,2025,8,2025-05-03 06:15:00,Adelaide,Carlton,Adelaide Oval,110.0,50.0,1.0,1,3,False,1473.99,1490.01,-16.02,0.3333,0.4,0.5,97.8,85.2,-0.1667,1.0,0.6,0.4,86.2,71.4,0.6,1.0,46.67,3,7.0,6.0,0,1,0.0,730.0,730.0,0,0.576,0.3333,0.2427,1.645,2.55,0.6078,0.3922,1.0,1.645,2.55,0.0,0.0,unknown,1.0,1.0,0,0,0.0,0,0,0,1.0
2103,2025,8,2025-05-03 09:35:00,Collingwood,Geelong,M.C.G.,87.0,90.0,0.0,4,7,False,1654.37,1567.03,87.34,1.0,1.0,0.9,94.8,66.3,0.1,0.6667,0.6,0.6,105.6,78.0,0.0667,0.2,-8.4,9,8.0,6.0,0,0,0.0,0.0,0.0,0,0.5704,0.5781,-0.0077,1.505,2.979,0.6643,0.3357,1.0,1.505,2.979,0.0,0.0,unknown,1.0,1.0,0,0,0.0,0,0,0,1.0
2104,2025,8,2025-05-03 09:35:00,West Coast,Melbourne,Perth Stadium,76.0,108.0,0.0,17,11,False,1279.63,1454.88,-175.24,0.0,0.0,0.1,65.3,115.4,-0.1,0.6667,0.4,0.3,72.0,88.2,0.3667,0.4,-16.8,10,6.0,9.0,0,1,0.0,2720.0,2720.0,0,0.4459,0.5455,-0.0996,2.765,1.566,0.3616,0.6384,1.0,2.765,1.566,0.0,0.0,unknown,1.0,1.0,0,0,0.0,0,0,0,1.0
2105,2025,8,2025-05-04 03:10:00,Sydney,Greater Western Sydney,S.C.G.,87.0,73.0,1.0,16,9,False,1545.67,1538.91,6.76,0.0,0.4,0.5,86.5,86.5,-0.5,0.3333,0.4,0.4,84.2,83.1,-0.0667,0.6,21.2,14,6.0,7.0,0,0,0.0,0.0,0.0,0,0.6346,0.4545,0.1801,2.261,1.793,0.4423,0.5577,1.0,2.261,1.793,0.0,0.0,unknown,1.0,1.0,0,0,0.0,0,0,0,1.0
2106,2025,8,2025-05-04 05:20:00,Hawthorn,Richmond,M.C.G.,109.0,44.0,1.0,10,14,False,1558.32,1355.11,203.21,0.3333,0.6,0.7,103.3,74.1,-0.3667,0.3333,0.2,0.2,66.8,104.6,0.1333,0.4,12.6,5,6.0,9.0,0,0,0.0,0.0,0.0,0,0.4896,0.6136,-0.124,1.089,12.21,0.9181,0.0819,1.0,1.089,12.21,0.0,0.0,unknown,1.0,1.0,0,0,0.0,0,0,0,1.0
2107,2025,8,2025-05-04 09:20:00,Brisbane Lions,Gold Coast,Gabba,66.0,49.0,1.0,2,8,False,1672.38,1504.39,167.99,0.6667,0.8,0.9,97.7,82.8,-0.2333,0.6667,0.8,0.7,100.5,81.5,-0.0333,1.0,37.6,10,8.0,7.0,0,0,0.0,0.0,0.0,0,0.6102,0.1538,0.4564,1.541,2.848,0.6489,0.3511,1.0,1.541,2.848,0.0,0.0,unknown,1.0,1.0,0,0,0.0,0,0,0,1.0
2108,2025,9,2025-05-08 10:10:00,Fremantle,Collingwood,Perth Stadium,83.0,97.0,0.0,6,4,False,1496.12,1632.35,-136.24,0.3333,0.6,0.4,81.9,86.7,-0.0667,0.6667,0.8,0.8,95.1,67.2,-0.1333,0.2,-10.6,6,6.0,5.0,0,1,0.0,2720.0,2720.0,0,0.5775,0.5,0.0775,2.167,1.857,0.4614,0.5386,1.0,2.167,1.857,0.0,0.0,unknown,1.0,1.0,0,0,0.0,0,0,0,1.0
2109,2025,9,2025-05-09 09:40:00,St Kilda,Carlton,M.C.G.,62.0,77.0,0.0,15,3,False,1508.58,1475.57,33.02,0.3333,0.4,0.6,88.2,90.2,-0.2667,0.6667,0.6,0.3,81.3,79.0,0.3667,0.6,9.2,7,7.0,6.0,0,0,0.0,0.0,0.0,1,0.5,0.3837,0.1163,2.613,1.62,0.3827,0.6173,1.0,2.613,1.62,0.0,0.0,unknown,1.0,1.0,0,0,0.0,0,0,0,1.0
2110,2025,9,2025-05-10 03:20:00,Melbourne,Hawthorn,M.C.G.,56.0,91.0,0.0,11,10,False,1465.34,1564.36,-99.02,1.0,0.6,0.4,77.7,90.5,0.6,0.6667,0.6,0.7,101.1,71.7,-0.0333,0.6,7.8,6,6.0,5.0,0,0,0.0,0.0,0.0,0,0.5328,0.4948,0.038,4.198,1.313,0.2382,0.7618,1.0,4.198,1.313,0.0,0.0,unknown,1.0,1.0,0,0,0.0,0,0,0,1.0
2111,2025,9,2025-05-10 06:15:00,Essendon,Sydney,Docklands,71.0,63.0,1.0,5,16,False,1489.05,1559.07,-70.03,0.6667,0.8,0.4,77.3,90.5,0.2667,0.3333,0.4,0.5,83.1,84.8,-0.1667,0.4,-5.8,6,8.0,6.0,0,1,0.0,870.0,870.0,0,0.5429,0.7407,-0.1978,2.353,1.739,0.425,0.575,1.0,2.353,1.739,0.0,0.0,unknown,1.0,1.0,0,0,0.0,0,0,0,1.0
2112,2025,9,2025-05-10 09:35:00,Gold Coast,Western Bulldogs,Marrara Oval,106.0,96.0,1.0,8,18,False,1497.29,1574.59,-77.3,0.3333,0.6,0.7,96.7,78.4,-0.3667,1.0,0.6,0.6,97.5,80.1,0.4,0.3333,-3.0,3,6.0,7.0,1,1,2800.0,3140.0,340.0,1,0.8571,,,1.874,2.144,0.5335,0.4665,1.0,1.874,2.144,0.0,0.0,unknown,1.0,1.0,0,0,0.0,0,0,0,1.0
2113,2025,9,2025-05-10 10:10:00,Port Adelaide,Adelaide,Adelaide Oval,84.0,89.0,0.0,13,1,False,1555.66,1488.43,67.23,0.6667,0.6,0.5,79.5,91.9,0.1667,0.6667,0.4,0.5,97.7,83.0,0.1667,0.8,34.2,10,7.0,7.0,0,0,0.0,0.0,0.0,0,0.6172,0.5794,0.0378,3.109,1.474,0.3216,0.6784,1.0,3.109,1.474,0.0,0.0,unknown,1.0,1.0,0,0,0.0,0,0,0,1.0
2114,2025,9,2025-05-11 03:10:00,Richmond,West Coast,M.C.G.,81.0,79.0,1.0,14,17,False,1349.06,1269.16,79.9,0.3333,0.2,0.2,66.1,105.6,0.1333,0.0,0.0,0.0,62.7,116.5,0.0,1.0,25.0,6,6.0,7.0,0,1,0.0,2720.0,2720.0,0,0.609,0.4,0.209,1.526,2.899,0.6551,0.3449,1.0,1.526,2.899,0.0,0.0,unknown,1.0,1.0,0,0,0.0,0,0,0,1.0
2115,2025,9,2025-05-11 05:20:00,Geelong,Greater Western Sydney,Kardinia Park,101.0,105.0,0.0,7,9,False,1589.05,1525.5,63.55,0.6667,0.8,0.6,97.8,79.2,0.0667,0.0,0.4,0.3,81.4,82.6,-0.3,0.2,0.2,8,7.0,7.0,0,0,0.0,0.0,0.0,0,0.7931,0.8,-0.0069,1.444,3.251,0.6924,0.3076,1.0,1.444,3.251,0.0,0.0,unknown,1.0,1.0,0,0,0.0,0,0,0,1.0
2117,2025,10,2025-05-15 09:30:00,Gold Coast,Hawthorn,Marrara Oval,104.0,96.0,1.0,8,10,False,1516.79,1578.12,-61.33,0.6667,0.6,0.7,98.6,79.4,-0.0333,1.0,0.6,0.7,93.2,72.7,0.3,1.0,62.0,5,4.0,5.0,1,1,2800.0,3140.0,340.0,1,0.875,,,1.622,2.608,0.6166,0.3834,1.0,1.622,2.608,0.0,0.0,unknown,1.0,1.0,0,0,0.0,0,0,0,1.0
2118,2025,10,2025-05-16 09:40:00,Sydney,Carlton,S.C.G.,78.0,62.0,1.0,16,3,False,1542.15,1493.08,49.07,0.3333,0.2,0.4,80.6,83.7,-0.0667,0.6667,0.8,0.4,81.6,77.6,0.2667,0.8,24.6,8,6.0,7.0,0,1,0.0,870.0,870.0,0,0.6381,0.1111,0.527,1.672,2.489,0.5982,0.4018,1.0,1.672,2.489,0.0,0.0,unknown,1.0,1.0,0,0,0.0,0,0,0,1.0
2119,2025,10,2025-05-17 03:20:00,Collingwood,Adelaide,M.C.G.,78.0,68.0,1.0,4,1,False,1644.46,1509.63,134.83,0.6667,0.8,0.9,96.2,66.6,-0.2333,0.6667,0.6,0.6,100.8,83.4,0.0667,0.6,4.2,5,8.0,6.0,0,1,0.0,730.0,730.0,0,0.5664,0.35,0.2164,1.537,2.861,0.6505,0.3495,1.0,1.537,2.861,0.0,0.0,unknown,1.0,1.0,0,0,0.0,0,0,0,1.0
2120,2025,10,2025-05-17 06:15:00,Greater Western Sydney,Fremantle,Sydney Showground,61.0,95.0,0.0,9,6,False,1546.55,1484.01,62.54,0.3333,0.4,0.4,85.8,82.9,-0.0667,0.3333,0.4,0.4,81.0,86.3,-0.0667,0.6,13.2,7,6.0,8.0,0,1,0.0,3940.0,3940.0,0,0.6842,,,1.373,3.682,0.7284,0.2716,1.0,1.373,3.682,0.0,0.0,unknown,1.0,1.0,0,0,0.0,0,0,0,1.0
2121,2025,10,2025-05-17 06:15:00,Port Adelaide,Geelong,Adelaide Oval,39.0,115.0,0.0,13,7,False,1534.46,1568.0,-33.54,0.3333,0.6,0.4,80.4,93.6,-0.0667,0.3333,0.6,0.5,94.1,84.3,-0.1667,0.4,-7.2,10,6.0,6.0,0,1,0.0,730.0,730.0,0,0.6124,0.619,-0.0066,2.447,1.691,0.4086,0.5914,1.0,2.447,1.691,0.0,0.0,unknown,1.0,1.0,0,0,0.0,0,0,0,1.0
2122,2025,10,2025-05-17 09:35:00,Western Bulldogs,Essendon,Docklands,127.0,36.0,1.0,18,5,False,1555.09,1505.97,49.12,0.6667,0.6,0.5,97.3,84.6,0.1667,0.6667,0.8,0.5,75.8,88.1,0.1667,0.6,12.0,6,7.0,7.0,0,0,0.0,0.0,0.0,0,0.6699,0.5493,0.1206,1.274,4.645,0.7847,0.2153,1.0,1.274,4.645,0.0,0.0,unknown,1.0,1.0,0,0,0.0,0,0,0,1.0
2123,2025,10,2025-05-18 03:10:00,Richmond,North Melbourne,M.C.G.,74.0,78.0,0.0,14,12,False,1359.35,1294.39,64.95,0.3333,0.4,0.3,67.4,100.4,0.0333,0.0,0.0,0.1,77.9,110.7,-0.1,0.8,28.0,5,7.0,6.0,0,0,0.0,0.0,0.0,0,0.6119,0.2143,0.3976,2.581,1.632,0.3874,0.6126,1.0,2.581,1.632,0.0,0.0,unknown,1.0,1.0,0,0,0.0,0,0,0,1.0
2124,2025,10,2025-05-18 05:20:00,Brisbane Lions,Melbourne,Gabba,88.0,99.0,0.0,2,11,False,1666.42,1451.59,214.83,0.6667,0.6,0.8,91.4,76.3,-0.1333,0.6667,0.6,0.3,71.6,93.3,0.3667,0.6,-7.0,5,6.0,8.0,0,1,0.0,1730.0,1730.0,0,0.6134,0.5556,0.0578,1.167,6.993,0.857,0.143,1.0,1.167,6.993,0.0,0.0,unknown,1.0,1.0,0,0,0.0,0,0,0,1.0
2125,2025,10,2025-05-18 06:40:00,West Coast,St Kilda,Perth Stadium,108.0,80.0,1.0,17,15,False,1258.88,1491.07,-232.19,0.0,0.0,0.0,67.2,114.7,0.0,0.3333,0.2,0.5,83.7,89.0,-0.1667,0.4,-5.8,8,7.0,8.0,0,1,0.0,2720.0,2720.0,0,0.44,0.6667,-0.2267,3.245,1.446,0.3082,0.6918,1.0,3.245,1.446,0.0,0.0,unknown,1.0,1.0,0,0,0.0,0,0,0,1.0
2126,2025,11,2025-05-22 09:30:00,Geelong,Western Bulldogs,Kardinia Park,127.0,113.0,1.0,7,18,False,1584.75,1566.64,18.11,0.6667,0.6,0.6,97.1,78.7,0.0667,0.6667,0.8,0.6,103.8,78.3,0.0667,0.6,1.0,8,5.0,4.0,0,0,0.0,0.0,0.0,0,0.7797,0.3333,0.4464,1.867,2.153,0.5355,0.4645,1.0,1.867,2.153,0.0,0.0,unknown,1.0,1.0,0,0,0.0,0,0,0,1.0
2127,2025,11,2025-05-23 09:40:00,Essendon,Richmond,M.C.G.,81.0,58.0,1.0,5,14,False,1494.41,1338.24,156.18,0.6667,0.6,0.5,73.5,91.0,0.1667,0.3333,0.4,0.3,68.2,98.8,0.0333,0.2,-37.4,7,6.0,5.0,0,0,0.0,0.0,0.0,1,0.375,0.6074,-0.2324,1.278,4.6,0.7826,0.2174,1.0,1.278,4.6,0.0,0.0,unknown,1.0,1.0,0,0,0.0,0,0,0,1.0
2128,2025,11,2025-05-24 02:35:00,Carlton,Greater Western Sydney,Docklands,82.0,110.0,0.0,3,9,False,1481.53,1525.54,-44.01,0.3333,0.6,0.4,80.7,75.5,-0.0667,0.3333,0.2,0.4,83.7,83.6,-0.0667,0.4,-19.2,7,7.0,6.0,0,0,0.0,0.0,0.0,0,0.381,0.4583,-0.0773,1.652,2.535,0.6055,0.3945,1.0,1.652,2.535,0.0,0.0,unknown,1.0,1.0,0,0,0.0,0,0,0,1.0
2129,2025,11,2025-05-24 06:15:00,Hawthorn,Brisbane Lions,M.C.G.,60.0,93.0,0.0,10,2,False,1559.33,1640.14,-80.82,0.6667,0.6,0.6,92.9,76.9,0.0667,0.3333,0.4,0.7,88.2,80.2,-0.3667,1.0,19.0,9,8.0,6.0,0,1,0.0,1730.0,1730.0,0,0.5,0.2381,0.2619,1.518,2.93,0.6587,0.3413,1.0,1.518,2.93,0.0,0.0,unknown,1.0,1.0,0,0,0.0,0,0,0,1.0
2130,2025,11,2025-05-24 09:35:00,North Melbourne,Collingwood,Docklands,63.0,108.0,0.0,12,4,False,1315.5,1652.67,-337.17,0.3333,0.2,0.2,81.1,101.1,0.1333,0.6667,0.8,0.9,96.1,65.6,-0.2333,0.0,-24.33,3,6.0,7.0,0,0,0.0,0.0,0.0,0,0.3093,0.5,-0.1907,4.585,1.279,0.2181,0.7819,1.0,4.585,1.279,0.0,0.0,unknown,1.0,1.0,0,0,0.0,0,0,0,1.0
2131,2025,11,2025-05-24 10:10:00,Fremantle,Port Adelaide,Perth Stadium,100.0,51.0,1.0,6,13,False,1505.02,1517.7,-12.68,0.3333,0.4,0.5,83.8,83.7,-0.1667,0.0,0.4,0.4,78.4,95.6,-0.4,0.4,-7.2,8,7.0,7.0,0,1,0.0,2130.0,2130.0,0,0.5694,0.5,0.0694,1.342,3.926,0.7453,0.2547,1.0,1.342,3.926,0.0,0.0,unknown,1.0,1.0,0,0,0.0,0,0,0,1.0
2132,2025,11,2025-05-25 03:10:00,Adelaide,West Coast,Adelaide Oval,128.0,62.0,1.0,1,17,False,1501.42,1282.58,218.84,0.6667,0.6,0.6,98.6,79.1,0.0667,0.3333,0.2,0.1,70.5,105.9,0.2333,0.6,39.6,8,7.0,6.0,0,1,0.0,2130.0,2130.0,0,0.5827,0.4444,0.1383,1.073,14.728,0.9321,0.0679,1.0,1.073,14.728,0.0,0.0,unknown,1.0,1.0,0,0,0.0,0,0,0,1.0
2133,2025,11,2025-05-25 05:20:00,Melbourne,Sydney,M.C.G.,131.0,78.0,1.0,11,16,False,1477.87,1553.71,-75.85,0.6667,0.8,0.4,75.8,91.8,0.2667,0.6667,0.4,0.4,78.9,84.0,0.2667,0.4,-5.6,8,7.0,8.0,0,1,0.0,870.0,870.0,0,0.5285,0.5,0.0285,1.913,2.095,0.5227,0.4773,1.0,1.913,2.095,0.0,0.0,unknown,1.0,1.0,0,0,0.0,0,0,0,1.0
2134,2025,11,2025-05-25 06:40:00,St Kilda,Gold Coast,Docklands,61.0,80.0,0.0,15,8,False,1467.37,1535.59,-68.22,0.3333,0.2,0.4,84.1,92.4,-0.0667,0.6667,0.6,0.8,102.7,77.3,-0.1333,1.0,22.8,5,7.0,9.0,0,1,0.0,1730.0,1730.0,0,0.5,0.2917,0.2083,2.695,1.59,0.371,0.629,1.0,2.695,1.59,0.0,0.0,unknown,1.0,1.0,0,0,0.0,0,0,0,1.0
2135,2025,12,2025-05-29 09:30:00,Brisbane Lions,Essendon,Gabba,90.0,72.0,1.0,2,5,False,1654.73,1503.67,151.06,0.3333,0.6,0.7,88.9,78.0,-0.3667,0.6667,0.6,0.6,74.9,88.1,0.0667,0.6,17.4,6,5.0,5.0,0,1,0.0,1730.0,1730.0,0,0.6083,0.3333,0.275,1.082,13.193,0.9242,0.0758,1.0,1.082,13.193,0.0,0.0,unknown,1.0,1.0,0,0,0.0,0,0,0,1.0
2136,2025,12,2025-05-30 09:40:00,Collingwood,Hawthorn,M.C.G.,107.0,56.0,1.0,4,10,False,1657.81,1544.74,113.07,1.0,0.8,0.9,96.6,66.2,0.1,0.3333,0.6,0.6,91.7,78.7,-0.2667,0.75,11.25,4,6.0,6.0,0,0,0.0,0.0,0.0,0,0.5694,0.4949,0.0745,1.666,2.501,0.6001,0.3999,1.0,1.666,2.501,0.0,0.0,unknown,1.0,1.0,0,0,0.0,0,0,0,1.0
2137,2025,12,2025-05-31 03:20:00,Gold Coast,Fremantle,Carrara,64.0,75.0,0.0,8,6,False,1550.75,1519.3,31.45,1.0,0.8,0.8,101.3,76.8,0.2,0.6667,0.6,0.6,86.9,74.1,0.0667,0.8,9.6,6,5.0,6.0,0,1,0.0,4390.0,4390.0,0,0.4086,0.3636,0.045,1.42,3.382,0.7043,0.2957,1.0,1.42,3.382,0.0,0.0,unknown,1.0,1.0,0,0,0.0,0,0,0,1.0
2138,2025,12,2025-05-31 06:15:00,Greater Western Sydney,Richmond,Sydney Showground,80.0,77.0,1.0,9,14,False,1541.81,1328.98,212.83,0.6667,0.4,0.5,84.7,81.3,0.1667,0.3333,0.2,0.2,65.8,100.0,0.1333,0.8,19.2,7,7.0,7.0,0,1,0.0,870.0,870.0,0,0.6753,0.3333,0.342,1.078,13.793,0.9275,0.0725,1.0,1.078,13.793,0.0,0.0,unknown,1.0,1.0,0,0,0.0,0,0,0,1.0
2139,2025,12,2025-05-31 09:35:00,Sydney,Adelaide,S.C.G.,41.0,131.0,0.0,16,1,False,1536.52,1507.03,29.49,0.3333,0.4,0.4,80.7,85.1,-0.0667,0.6667,0.6,0.6,97.9,78.1,0.0667,0.6,12.2,7,6.0,6.0,0,1,0.0,1170.0,1170.0,0,0.6415,0.2857,0.3558,2.441,1.694,0.4097,0.5903,1.0,2.441,1.694,0.0,0.0,unknown,1.0,1.0,0,0,0.0,0,0,0,1.0
2140,2025,12,2025-06-01 05:20:00,Melbourne,St Kilda,Traeger Park,63.0,91.0,0.0,11,15,False,1495.05,1452.21,42.85,0.6667,0.8,0.5,81.5,91.9,0.1667,0.0,0.2,0.4,83.0,86.9,-0.4,0.6,7.4,8,7.0,6.0,1,1,3140.0,3140.0,0.0,1,0.4444,,,1.513,2.951,0.6611,0.3389,1.0,1.513,2.951,0.0,0.0,unknown,1.0,1.0,0,0,0.0,0,0,0,1.0
2141,2025,12,2025-06-01 09:20:00,West Coast,Geelong,Perth Stadium,73.0,116.0,0.0,17,7,False,1276.96,1597.66,-320.69,0.3333,0.2,0.1,71.8,105.1,0.2333,0.6667,0.6,0.6,95.1,83.1,0.0667,0.8,15.0,5,7.0,9.0,0,1,0.0,2720.0,2720.0,0,0.4474,0.5,-0.0526,9.94,1.112,0.1006,0.8994,1.0,9.94,1.112,0.0,0.0,unknown,1.0,1.0,0,0,0.0,0,0,0,1.0
2142,2025,13,2025-06-05 09:30:00,Western Bulldogs,Hawthorn,Docklands,59.0,81.0,0.0,18,10,False,1553.74,1535.74,18.0,0.3333,0.6,0.5,103.8,81.3,-0.1667,0.0,0.4,0.5,86.2,80.9,-0.5,0.4,-7.2,6,14.0,5.0,0,0,0.0,0.0,0.0,0,0.6731,0.6129,0.0602,1.359,3.786,0.7359,0.2641,1.0,1.359,3.786,0.0,0.0,unknown,1.0,1.0,0,0,0.0,0,0,0,1.0
2143,2025,13,2025-06-06 09:40:00,Adelaide,Brisbane Lions,Adelaide Oval,68.0,63.0,1.0,1,2,False,1526.63,1662.38,-135.75,0.6667,0.8,0.6,94.9,72.2,0.0667,0.6667,0.6,0.7,88.5,77.7,-0.0333,0.4,13.4,6,6.0,8.0,0,1,0.0,1600.0,1600.0,0,0.5859,0.3077,0.2782,1.549,2.82,0.6454,0.3546,1.0,1.549,2.82,0.0,0.0,unknown,1.0,1.0,0,0,0.0,0,0,0,1.0
2144,2025,13,2025-06-07 03:20:00,Richmond,Sydney,M.C.G.,36.0,80.0,0.0,14,16,False,1323.21,1516.92,-193.72,0.0,0.2,0.2,66.7,94.0,-0.2,0.3333,0.4,0.4,76.6,89.6,-0.0667,0.6,-12.6,9,6.0,6.0,0,1,0.0,870.0,870.0,0,0.6029,0.4839,0.119,2.665,1.601,0.3752,0.6248,1.0,2.665,1.601,0.0,0.0,unknown,1.0,1.0,0,0,0.0,0,0,0,1.0
2145,2025,13,2025-06-07 06:15:00,Geelong,Gold Coast,Kardinia Park,61.0,37.0,1.0,7,8,False,1603.22,1531.07,72.16,1.0,0.8,0.7,97.6,80.6,0.3,0.6667,0.6,0.7,94.1,79.4,-0.0333,1.0,60.4,5,5.0,7.0,0,1,0.0,1730.0,1730.0,0,0.7833,,,1.449,3.227,0.6901,0.3099,1.0,1.449,3.227,0.0,0.0,unknown,1.0,1.0,0,0,0.0,0,0,0,1.0
2146,2025,13,2025-06-07 09:35:00,Greater Western Sydney,Port Adelaide,Manuka Oval,50.0,66.0,0.0,9,13,False,1547.59,1503.41,44.18,0.6667,0.6,0.5,85.0,81.6,0.1667,0.0,0.2,0.4,79.0,92.0,-0.4,0.75,28.0,4,7.0,13.0,0,1,0.0,990.0,990.0,1,0.4211,,,1.372,3.685,0.7286,0.2714,1.0,1.372,3.685,0.0,0.0,unknown,1.0,1.0,0,0,0.0,0,0,0,1.0
2147,2025,13,2025-06-08 05:20:00,North Melbourne,West Coast,Hands Oval,62.0,52.0,1.0,12,17,False,1310.36,1271.4,38.96,0.3333,0.2,0.2,77.7,100.6,0.1333,0.3333,0.2,0.1,71.6,107.3,0.2333,0.6,8.0,7,14.0,6.0,1,0,2720.0,0.0,-2720.0,1,,,,1.681,2.469,0.595,0.405,1.0,1.681,2.469,0.0,0.0,unknown,1.0,1.0,0,0,0.0,0,0,0,1.0
2148,2025,13,2025-06-08 09:20:00,Carlton,Essendon,M.C.G.,78.0,70.0,1.0,3,5,False,1465.25,1496.02,-30.77,0.3333,0.4,0.4,82.0,78.3,-0.0667,0.3333,0.6,0.6,73.6,86.0,-0.2667,0.6,-2.4,5,15.0,9.0,0,0,0.0,0.0,0.0,0,0.3908,0.3836,0.0072,1.443,3.257,0.693,0.307,1.0,1.443,3.257,0.0,0.0,unknown,1.0,1.0,0,0,0.0,0,0,0,1.0
2149,2025,13,2025-06-09 05:20:00,Melbourne,Collingwood,M.C.G.,71.0,72.0,0.0,11,4,False,1477.09,1666.81,-189.72,0.6667,0.6,0.5,81.2,88.5,0.1667,1.0,0.8,0.9,93.7,67.3,0.1,0.4,-2.0,10,8.0,9.0,0,0,0.0,0.0,0.0,0,0.5323,0.5724,-0.0401,4.093,1.323,0.2443,0.7557,1.0,4.093,1.323,0.0,0.0,unknown,1.0,1.0,0,0,0.0,0,0,0,1.0
2150,2025,14,2025-06-12 09:30:00,St Kilda,Western Bulldogs,Docklands,60.0,132.0,0.0,15,18,False,1470.17,1534.65,-64.48,0.3333,0.4,0.4,82.3,84.1,-0.0667,0.3333,0.4,0.5,102.7,81.8,-0.1667,0.6,-5.2,7,11.0,7.0,0,0,0.0,0.0,0.0,0,0.4956,0.6667,-0.1711,4.044,1.329,0.2473,0.7527,1.0,4.044,1.329,0.0,0.0,unknown,1.0,1.0,0,0,0.0,0,0,0,1.0
2151,2025,14,2025-06-13 09:40:00,Hawthorn,Adelaide,York Park,47.0,44.0,1.0,10,1,False,1554.84,1546.5,8.33,0.3333,0.4,0.5,86.3,80.8,-0.1667,1.0,0.8,0.6,90.3,70.7,0.4,0.6,4.8,9,8.0,7.0,1,1,310.0,1020.0,710.0,1,0.7407,,,1.837,2.195,0.5444,0.4556,1.0,1.837,2.195,0.0,0.0,unknown,1.0,1.0,0,0,0.0,0,0,0,1.0
2152,2025,14,2025-06-14 03:20:00,Brisbane Lions,Greater Western Sydney,Gabba,96.0,107.0,0.0,2,9,False,1642.51,1529.57,112.94,0.6667,0.4,0.6,87.8,78.4,0.0667,0.6667,0.6,0.5,83.6,80.6,0.1667,0.4,6.0,7,7.0,6.0,0,0,0.0,0.0,0.0,0,0.6116,0.5556,0.056,1.235,5.255,0.8097,0.1903,1.0,1.235,5.255,0.0,0.0,unknown,1.0,1.0,0,0,0.0,0,0,0,1.0
2153,2025,14,2025-06-14 06:15:00,Essendon,Geelong,M.C.G.,56.0,151.0,0.0,5,7,False,1480.9,1613.82,-132.91,0.3333,0.4,0.6,70.6,77.7,-0.2667,1.0,0.8,0.8,97.6,77.3,0.2,0.4,-15.2,5,5.0,7.0,0,0,0.0,0.0,0.0,1,0.3784,0.5846,-0.2062,6.743,1.174,0.1483,0.8517,1.0,6.743,1.174,0.0,0.0,unknown,1.0,1.0,0,0,0.0,0,0,0,1.0
2154,2025,14,2025-06-14 09:35:00,North Melbourne,Fremantle,Perth Stadium,67.0,73.0,0.0,12,6,False,1324.57,1538.99,-214.42,0.6667,0.4,0.2,71.4,99.2,0.4667,1.0,0.6,0.7,87.9,73.7,0.3,0.4,-10.4,5,6.0,14.0,1,0,2720.0,0.0,-2720.0,1,0.375,0.5753,-0.2003,6.887,1.17,0.1452,0.8548,1.0,6.887,1.17,0.0,0.0,unknown,1.0,1.0,0,0,0.0,0,0,0,1.0
2155,2025,14,2025-06-15 05:20:00,Port Adelaide,Melbourne,Adelaide Oval,93.0,68.0,1.0,13,11,False,1521.44,1467.2,54.24,0.3333,0.2,0.4,71.6,90.2,-0.0667,0.3333,0.4,0.5,82.1,83.7,-0.1667,0.4,-11.2,6,7.0,6.0,0,1,0.0,730.0,730.0,0,0.6077,0.6471,-0.0394,1.905,2.104,0.5248,0.4752,1.0,1.905,2.104,0.0,0.0,unknown,1.0,1.0,0,0,0.0,0,0,0,1.0
2156,2025,14,2025-06-15 08:10:00,West Coast,Carlton,Perth Stadium,52.0,86.0,0.0,17,3,False,1257.18,1480.37,-223.18,0.0,0.2,0.1,70.0,102.9,-0.1,0.3333,0.4,0.5,83.8,77.3,-0.1667,0.4,-39.4,6,7.0,6.0,0,1,0.0,2720.0,2720.0,0,0.4416,0.6667,-0.2251,4.454,1.289,0.2245,0.7755,1.0,4.454,1.289,0.0,0.0,unknown,1.0,1.0,0,0,0.0,0,0,0,1.0
2157,2025,15,2025-06-19 10:10:00,Fremantle,Essendon,Perth Stadium,104.0,63.0,1.0,6,5,False,1546.2,1470.74,75.46,1.0,0.8,0.7,84.6,73.6,0.3,0.0,0.2,0.5,69.0,86.8,-0.5,0.8,26.4,6,5.0,5.0,0,1,0.0,2720.0,2720.0,0,0.5811,0.5,0.0811,1.152,7.582,0.8681,0.1319,1.0,1.152,7.582,0.0,0.0,unknown,1.0,1.0,0,0,0.0,0,0,0,1.0
2158,2025,15,2025-06-20 09:40:00,Geelong,Brisbane Lions,Kardinia Park,51.0,92.0,0.0,7,2,False,1623.98,1619.51,4.47,1.0,1.0,0.8,104.2,78.3,0.2,0.3333,0.4,0.5,85.6,80.1,-0.1667,0.8,19.8,8,6.0,6.0,0,1,0.0,1730.0,1730.0,0,0.7869,,,1.388,3.577,0.7204,0.2796,1.0,1.388,3.577,0.0,0.0,unknown,1.0,1.0,0,0,0.0,0,0,0,1.0
2159,2025,15,2025-06-21 03:20:00,Carlton,North Melbourne,M.C.G.,73.0,84.0,0.0,3,12,False,1488.99,1317.36,171.63,0.6667,0.6,0.6,84.9,74.2,0.0667,0.3333,0.4,0.2,70.3,95.1,0.1333,0.4,-9.0,6,5.0,6.0,0,0,0.0,0.0,0.0,0,0.3977,0.2667,0.131,1.268,4.726,0.7884,0.2116,1.0,1.268,4.726,0.0,0.0,unknown,1.0,1.0,0,0,0.0,0,0,0,1.0
2160,2025,15,2025-06-21 06:15:00,Port Adelaide,Sydney,Adelaide Oval,52.0,71.0,0.0,13,16,False,1532.77,1526.66,6.11,0.6667,0.4,0.5,74.9,89.8,0.1667,0.3333,0.4,0.4,77.8,86.7,-0.0667,1.0,43.6,6,6.0,14.0,0,1,0.0,1170.0,1170.0,0,0.6107,0.4615,0.1492,1.895,2.117,0.5277,0.4723,1.0,1.895,2.117,0.0,0.0,unknown,1.0,1.0,0,0,0.0,0,0,0,1.0
2161,2025,15,2025-06-21 09:35:00,Collingwood,St Kilda,Docklands,108.0,74.0,1.0,4,15,False,1676.7,1454.84,221.86,1.0,1.0,0.9,93.3,67.4,0.1,0.3333,0.2,0.3,74.8,92.0,0.0333,0.6,13.6,6,12.0,9.0,0,0,0.0,0.0,0.0,1,0.5185,0.4912,0.0273,1.195,6.139,0.8371,0.1629,1.0,1.195,6.139,0.0,0.0,unknown,1.0,1.0,0,0,0.0,0,0,0,1.0
2162,2025,15,2025-06-22 03:10:00,Greater Western Sydney,Gold Coast,Sydney Showground,106.0,99.0,1.0,9,8,False,1552.56,1520.47,32.09,0.6667,0.6,0.5,81.1,85.1,0.1667,0.3333,0.6,0.6,85.8,79.3,-0.2667,0.8,37.4,9,7.0,14.0,0,1,0.0,980.0,980.0,0,0.6795,0.0,0.6795,1.905,2.105,0.525,0.475,1.0,1.905,2.105,0.0,0.0,unknown,1.0,1.0,0,0,0.0,0,0,0,1.0
2163,2025,15,2025-06-22 05:20:00,Western Bulldogs,Richmond,Docklands,135.0,56.0,1.0,18,14,False,1549.98,1313.47,236.51,0.3333,0.4,0.5,107.6,80.3,-0.1667,0.0,0.2,0.2,65.0,88.5,-0.2,0.8,15.2,5,9.0,15.0,0,0,0.0,0.0,0.0,0,0.6698,0.3846,0.2852,1.062,17.007,0.9412,0.0588,1.0,1.062,17.007,0.0,0.0,unknown,1.0,1.0,0,0,0.0,0,0,0,1.0
2164,2025,16,2025-06-26 09:30:00,Port Adelaide,Carlton,Adelaide Oval,110.0,60.0,1.0,13,3,False,1514.21,1463.98,50.24,0.6667,0.4,0.5,72.9,88.0,0.1667,0.6667,0.4,0.6,87.6,76.3,0.0667,0.75,41.25,4,5.0,5.0,0,1,0.0,730.0,730.0,0,0.6061,0.3,0.3061,1.898,2.114,0.5269,0.4731,1.0,1.898,2.114,0.0,0.0,unknown,1.0,1.0,0,0,0.0,0,0,0,1.0
2165,2025,16,2025-06-27 09:40:00,Sydney,Western Bulldogs,S.C.G.,96.0,105.0,0.0,16,18,False,1545.22,1555.14,-9.92,0.6667,0.6,0.4,73.2,86.7,0.2667,0.6667,0.6,0.6,113.0,76.2,0.0667,0.6,6.8,8,6.0,5.0,0,1,0.0,870.0,870.0,0,0.6355,0.5714,0.0641,2.747,1.572,0.364,0.636,1.0,2.747,1.572,0.0,0.0,unknown,1.0,1.0,0,0,0.0,0,0,0,1.0
2166,2025,16,2025-06-28 03:20:00,Gold Coast,Melbourne,Carrara,104.0,85.0,1.0,8,11,False,1508.18,1455.86,52.32,0.0,0.4,0.5,86.6,80.9,-0.5,0.0,0.4,0.5,84.3,84.5,-0.5,0.0,-34.2,7,6.0,12.0,0,1,0.0,1730.0,1730.0,0,0.4043,0.75,-0.3457,1.296,4.384,0.7719,0.2281,1.0,1.296,4.384,0.0,0.0,unknown,1.0,1.0,0,0,0.0,0,0,0,1.0
2167,2025,16,2025-06-28 06:15:00,Hawthorn,North Melbourne,York Park,150.0,65.0,1.0,10,12,False,1570.45,1342.37,228.08,0.6667,0.4,0.5,83.4,78.8,0.1667,0.6667,0.6,0.3,73.5,90.7,0.3667,0.8,32.0,8,14.0,7.0,1,1,310.0,310.0,0.0,1,0.75,,,1.157,7.353,0.864,0.136,1.0,1.157,7.353,0.0,0.0,unknown,1.0,1.0,0,0,0.0,0,0,0,1.0
2168,2025,16,2025-06-28 09:35:00,Collingwood,West Coast,Docklands,88.0,59.0,1.0,4,17,False,1683.68,1248.56,435.12,1.0,1.0,0.9,97.8,70.2,0.1,0.0,0.2,0.1,70.1,98.3,-0.1,0.4,8.2,8,7.0,13.0,0,1,0.0,2720.0,2720.0,1,0.5357,0.3333,0.2024,1.037,27.701,0.9639,0.0361,1.0,1.037,27.701,0.0,0.0,unknown,1.0,1.0,0,0,0.0,0,0,0,1.0
2169,2025,16,2025-06-29 05:15:00,Richmond,Adelaide,M.C.G.,54.0,122.0,0.0,14,1,False,1308.31,1530.89,-222.57,0.0,0.0,0.2,61.6,90.2,-0.2,0.6667,0.6,0.6,85.7,66.3,0.0667,0.6667,13.0,3,6.0,15.0,0,1,0.0,730.0,730.0,0,0.5985,0.3333,0.2652,8.013,1.143,0.1248,0.8752,1.0,8.013,1.143,0.0,0.0,unknown,1.0,1.0,0,0,0.0,0,0,0,1.0
2170,2025,16,2025-06-29 07:10:00,Fremantle,St Kilda,Perth Stadium,81.0,69.0,1.0,6,15,False,1556.66,1447.86,108.8,1.0,1.0,0.7,85.3,71.8,0.3,0.3333,0.2,0.2,73.3,95.6,0.1333,0.6,4.4,5,9.0,7.0,0,1,0.0,2720.0,2720.0,0,0.5867,0.5714,0.0153,1.296,4.382,0.7718,0.2282,1.0,1.296,4.382,0.0,0.0,unknown,1.0,1.0,0,0,0.0,0,0,0,1.0
2171,2025,17,2025-07-03 09:30:00,North Melbourne,Western Bulldogs,Docklands,85.0,134.0,0.0,12,18,False,1335.59,1572.98,-237.39,0.3333,0.4,0.3,71.1,91.6,0.0333,1.0,0.6,0.7,113.8,74.0,0.3,0.0,-48.2,8,5.0,5.0,0,0,0.0,0.0,0.0,0,0.3061,0.6729,-0.3668,13.495,1.08,0.0741,0.9259,1.0,13.495,1.08,0.0,0.0,unknown,1.0,1.0,0,0,0.0,0,0,0,1.0
2172,2025,17,2025-07-04 09:20:00,Carlton,Collingwood,M.C.G.,59.0,115.0,0.0,3,4,False,1452.47,1686.1,-233.63,0.3333,0.4,0.5,81.5,82.3,-0.1667,1.0,1.0,0.9,95.7,68.3,0.1,0.0,-16.0,9,7.0,5.0,0,0,0.0,0.0,0.0,0,0.3933,0.5753,-0.182,4.662,1.273,0.2145,0.7855,1.0,4.662,1.273,0.0,0.0,unknown,1.0,1.0,0,0,0.0,0,0,0,1.0
2173,2025,17,2025-07-04 10:20:00,West Coast,Greater Western Sydney,Perth Stadium,52.0,111.0,0.0,17,9,False,1246.14,1564.85,-318.71,0.0,0.0,0.1,71.0,95.0,-0.1,0.6667,0.8,0.5,80.7,86.8,0.1667,0.8,5.8,7,6.0,12.0,0,0,0.0,0.0,0.0,0,0.4359,0.2222,0.2137,3.361,1.423,0.2975,0.7025,1.0,3.361,1.423,0.0,0.0,unknown,1.0,1.0,0,0,0.0,0,0,0,1.0
2174,2025,17,2025-07-05 02:35:00,Essendon,Gold Coast,Docklands,74.0,115.0,0.0,5,8,False,1460.28,1519.6,-59.32,0.0,0.2,0.4,65.7,91.5,-0.4,0.3333,0.4,0.5,82.9,80.5,-0.1667,0.75,20.25,4,15.0,6.0,0,1,0.0,1730.0,1730.0,0,0.5417,0.32,0.2217,3.595,1.385,0.2782,0.7218,1.0,3.595,1.385,0.0,0.0,unknown,1.0,1.0,0,0,0.0,0,0,0,1.0
2175,2025,17,2025-07-05 06:15:00,Geelong,Richmond,Kardinia Park,124.0,52.0,1.0,7,14,False,1605.49,1299.66,305.83,0.6667,0.8,0.7,97.4,77.5,-0.0333,0.0,0.0,0.2,62.3,91.6,-0.2,0.6,5.4,7,14.0,6.0,0,0,0.0,0.0,0.0,0,0.7742,,,1.037,28.329,0.9647,0.0353,1.0,1.037,28.329,0.0,0.0,unknown,1.0,1.0,0,0,0.0,0,0,0,1.0
2176,2025,17,2025-07-05 09:35:00,Brisbane Lions,Port Adelaide,Gabba,120.0,92.0,1.0,2,13,False,1638.0,1525.72,112.28,0.3333,0.6,0.5,83.0,75.5,-0.1667,0.6667,0.6,0.5,71.8,84.9,0.1667,1.0,32.4,8,14.0,9.0,0,1,0.0,1600.0,1600.0,0,0.6066,0.4545,0.1521,1.234,5.274,0.8104,0.1896,1.0,1.234,5.274,0.0,0.0,unknown,1.0,1.0,0,0,0.0,0,0,0,1.0
2177,2025,17,2025-07-05 09:40:00,St Kilda,Hawthorn,Docklands,74.0,94.0,0.0,15,10,False,1438.7,1577.24,-138.53,0.0,0.2,0.2,72.0,92.7,-0.2,1.0,0.6,0.6,89.3,73.2,0.4,0.8,18.0,7,6.0,7.0,0,0,0.0,0.0,0.0,0,0.487,0.625,-0.138,3.472,1.404,0.288,0.712,1.0,3.472,1.404,0.0,0.0,unknown,1.0,1.0,0,0,0.0,0,0,0,1.0
2178,2025,17,2025-07-06 03:10:00,Sydney,Fremantle,S.C.G.,94.0,83.0,1.0,16,6,False,1527.38,1565.82,-38.44,0.6667,0.4,0.4,75.0,86.3,0.2667,1.0,1.0,0.7,82.6,74.0,0.3,0.6,37.0,5,8.0,6.0,0,1,0.0,3940.0,3940.0,0,0.6296,,,1.622,2.607,0.6164,0.3836,1.0,1.622,2.607,0.0,0.0,unknown,1.0,1.0,0,0,0.0,0,0,0,1.0
2179,2025,17,2025-07-06 05:15:00,Adelaide,Melbourne,Adelaide Oval,90.0,77.0,1.0,1,11,False,1539.53,1444.44,95.09,0.6667,0.8,0.7,87.9,59.8,-0.0333,0.0,0.2,0.5,87.1,85.3,-0.5,0.2,-21.4,7,7.0,8.0,0,1,0.0,730.0,730.0,0,0.5891,0.6111,-0.022,1.206,5.865,0.8295,0.1705,1.0,1.206,5.865,0.0,0.0,unknown,1.0,1.0,0,0,0.0,0,0,0,1.0
2180,2025,18,2025-07-10 09:30:00,Carlton,Brisbane Lions,Docklands,66.0,103.0,0.0,3,2,False,1444.22,1647.03,-202.81,0.0,0.4,0.4,72.1,86.7,-0.4,0.6667,0.6,0.6,89.7,74.2,0.0667,0.4,0.0,5,6.0,4.0,0,1,0.0,1730.0,1730.0,0,0.375,0.4643,-0.0893,5.432,1.226,0.1841,0.8159,1.0,5.432,1.226,0.0,0.0,unknown,1.0,1.0,0,0,0.0,0,0,0,1.0
2181,2025,18,2025-07-11 09:40:00,Gold Coast,Collingwood,Carrara,69.0,63.0,1.0,8,4,False,1535.17,1694.35,-159.17,0.6667,0.4,0.6,87.5,79.9,0.0667,1.0,1.0,0.9,96.7,68.9,0.1,0.2,-25.2,6,6.0,7.0,0,1,0.0,1730.0,1730.0,0,0.4105,0.8333,-0.4228,2.117,1.895,0.4723,0.5277,1.0,2.117,1.895,0.0,0.0,unknown,1.0,1.0,0,0,0.0,0,0,0,1.0
2182,2025,18,2025-07-12 03:20:00,Western Bulldogs,Adelaide,Docklands,98.0,109.0,0.0,18,1,False,1581.1,1549.22,31.88,1.0,0.8,0.7,114.5,76.9,0.3,0.6667,0.8,0.7,91.7,64.1,-0.0333,0.8,36.8,8,8.0,5.0,0,1,0.0,730.0,730.0,0,0.6759,0.5,0.1759,1.57,2.755,0.637,0.363,1.0,1.57,2.755,0.0,0.0,unknown,1.0,1.0,0,0,0.0,0,0,0,1.0
2183,2025,18,2025-07-12 06:15:00,Greater Western Sydney,Geelong,Sydney Showground,111.0,85.0,1.0,9,7,False,1570.47,1609.15,-38.67,1.0,0.8,0.6,88.4,86.8,0.4,0.6667,0.8,0.7,101.2,74.8,-0.0333,0.4,-7.0,5,7.0,7.0,0,1,0.0,870.0,870.0,0,0.6835,,,2.275,1.784,0.4395,0.5605,1.0,2.275,1.784,0.0,0.0,unknown,1.0,1.0,0,0,0.0,0,0,0,1.0
2184,2025,18,2025-07-12 09:35:00,Richmond,Essendon,M.C.G.,46.0,37.0,1.0,14,5,False,1296.01,1444.71,-148.7,0.0,0.0,0.1,59.5,97.1,-0.1,0.0,0.0,0.3,65.4,95.5,-0.3,0.8,13.2,7,7.0,7.0,0,0,0.0,0.0,0.0,0,0.5942,0.3733,0.2209,3.084,1.48,0.3243,0.6757,1.0,3.084,1.48,0.0,0.0,unknown,1.0,1.0,0,0,0.0,0,0,0,1.0
2185,2025,18,2025-07-12 10:10:00,Fremantle,Hawthorn,Perth Stadium,77.0,64.0,1.0,6,10,False,1550.35,1589.25,-38.89,0.6667,0.8,0.7,81.2,72.7,-0.0333,1.0,0.8,0.7,90.8,72.0,0.3,0.8,10.8,7,6.0,7.0,0,1,0.0,2720.0,2720.0,0,0.5921,0.375,0.2171,1.835,2.198,0.5451,0.4549,1.0,1.835,2.198,0.0,0.0,unknown,1.0,1.0,0,0,0.0,0,0,0,1.0
2186,2025,18,2025-07-13 03:10:00,Melbourne,North Melbourne,M.C.G.,119.0,83.0,1.0,11,12,False,1434.76,1327.47,107.29,0.0,0.0,0.4,84.1,84.6,-0.4,0.3333,0.4,0.3,72.5,89.7,0.0333,0.8,34.6,6,6.0,9.0,0,0,0.0,0.0,0.0,0,0.528,0.3125,0.2155,1.216,5.634,0.8225,0.1775,1.0,1.216,5.634,0.0,0.0,unknown,1.0,1.0,0,0,0.0,0,0,0,1.0
2187,2025,18,2025-07-13 05:15:00,St Kilda,Sydney,Docklands,87.0,92.0,0.0,15,16,False,1426.69,1542.85,-116.16,0.0,0.2,0.2,73.8,89.4,-0.2,0.6667,0.6,0.5,76.7,86.1,0.1667,0.6,-0.2,8,7.0,7.0,0,1,0.0,870.0,870.0,0,0.4828,0.7143,-0.2315,2.455,1.687,0.4074,0.5926,1.0,2.455,1.687,0.0,0.0,unknown,1.0,1.0,0,0,0.0,0,0,0,1.0
2188,2025,18,2025-07-13 06:40:00,Port Adelaide,West Coast,Adelaide Oval,87.0,61.0,1.0,13,17,False,1516.69,1240.52,276.17,0.3333,0.6,0.4,72.5,89.2,-0.0667,0.0,0.0,0.1,68.7,98.4,-0.1,0.8,43.6,9,7.0,8.0,0,1,0.0,2130.0,2130.0,0,0.609,0.4211,0.1879,1.084,12.92,0.9226,0.0774,1.0,1.084,12.92,0.0,0.0,unknown,1.0,1.0,0,0,0.0,0,0,0,1.0
2189,2025,19,2025-07-17 09:30:00,Essendon,Greater Western Sydney,Docklands,56.0,104.0,0.0,5,9,False,1424.28,1585.95,-161.67,0.0,0.0,0.3,62.5,89.4,-0.3,1.0,0.8,0.7,91.4,84.0,0.3,0.6,4.4,6,4.0,5.0,0,0,0.0,0.0,0.0,0,0.5342,0.48,0.0542,8.681,1.13,0.1152,0.8848,1.0,8.681,1.13,0.0,0.0,unknown,1.0,1.0,0,0,0.0,0,0,0,1.0
2190,2025,19,2025-07-18 09:40:00,Brisbane Lions,Western Bulldogs,Gabba,86.0,76.0,1.0,2,18,False,1656.41,1561.4,95.01,1.0,0.6,0.6,88.2,73.5,0.4,0.6667,0.8,0.6,113.0,79.7,0.0667,0.6,13.6,6,8.0,6.0,0,1,0.0,1730.0,1730.0,0,0.6098,0.2857,0.3241,1.7,2.428,0.5881,0.4119,1.0,1.7,2.428,0.0,0.0,unknown,1.0,1.0,0,0,0.0,0,0,0,1.0
2191,2025,19,2025-07-19 03:20:00,Hawthorn,Port Adelaide,York Park,87.0,49.0,1.0,10,13,False,1573.76,1520.94,52.82,0.6667,0.8,0.6,84.8,72.3,0.0667,0.6667,0.6,0.4,71.5,86.5,0.2667,0.5,-5.5,4,6.0,5.0,1,1,310.0,1020.0,710.0,1,0.7586,,,1.166,7.008,0.8573,0.1427,1.0,1.166,7.008,0.0,0.0,unknown,1.0,1.0,0,0,0.0,0,0,0,1.0
2192,2025,19,2025-07-19 06:15:00,Sydney,North Melbourne,S.C.G.,84.0,53.0,1.0,16,12,False,1555.84,1318.25,237.59,0.6667,0.8,0.6,78.0,83.1,0.0667,0.0,0.2,0.3,72.0,91.9,-0.3,0.6,17.6,5,6.0,6.0,0,1,0.0,870.0,870.0,0,0.633,,,1.102,10.846,0.9078,0.0922,1.0,1.102,10.846,0.0,0.0,unknown,1.0,1.0,0,0,0.0,0,0,0,1.0
2193,2025,19,2025-07-19 09:35:00,Carlton,Melbourne,M.C.G.,78.0,70.0,1.0,3,11,False,1434.83,1443.97,-9.14,0.0,0.2,0.3,69.3,89.4,-0.3,0.3333,0.2,0.4,87.7,86.6,-0.0667,0.4,-22.0,8,9.0,6.0,0,0,0.0,0.0,0.0,0,0.3889,0.5317,-0.1428,2.775,1.563,0.3604,0.6396,1.0,2.775,1.563,0.0,0.0,unknown,1.0,1.0,0,0,0.0,0,0,0,1.0
2194,2025,19,2025-07-19 10:10:00,West Coast,Richmond,Perth Stadium,56.0,105.0,0.0,17,14,False,1236.28,1316.44,-80.16,0.0,0.0,0.1,67.4,94.7,-0.1,0.3333,0.2,0.2,57.8,92.5,0.1333,0.6,-11.4,6,6.0,7.0,0,1,0.0,2720.0,2720.0,0,0.4304,0.5556,-0.1252,1.708,2.413,0.5856,0.4144,1.0,1.708,2.413,0.0,0.0,unknown,1.0,1.0,0,0,0.0,0,0,0,1.0
2195,2025,19,2025-07-20 03:10:00,Geelong,St Kilda,Kardinia Park,113.0,82.0,1.0,7,15,False,1593.67,1413.71,179.96,0.3333,0.6,0.7,102.1,76.5,-0.3667,0.0,0.0,0.2,75.2,86.8,-0.2,1.0,28.2,5,7.0,6.0,0,0,0.0,0.0,0.0,0,0.7778,,,1.155,7.446,0.8657,0.1343,1.0,1.155,7.446,0.0,0.0,unknown,1.0,1.0,0,0,0.0,0,0,0,1.0
2196,2025,19,2025-07-20 05:15:00,Collingwood,Fremantle,M.C.G.,78.0,79.0,0.0,4,6,False,1673.48,1565.84,107.64,0.6667,0.8,0.8,92.3,69.2,-0.1333,0.6667,0.8,0.7,80.4,72.4,-0.0333,0.6,22.2,6,8.0,7.0,0,1,0.0,2720.0,2720.0,0,0.5782,0.4737,0.1045,1.4,3.498,0.7141,0.2859,1.0,1.4,3.498,0.0,0.0,unknown,1.0,1.0,0,0,0.0,0,0,0,1.0
2197,2025,19,2025-07-20 06:40:00,Adelaide,Gold Coast,Adelaide Oval,107.0,46.0,1.0,1,8,False,1568.92,1556.04,12.88,1.0,0.8,0.8,95.9,65.4,0.2,1.0,0.6,0.6,82.7,78.3,0.4,1.0,40.8,5,8.0,8.0,0,1,0.0,1600.0,1600.0,0,0.5923,0.0,0.5923,1.34,3.945,0.7465,0.2535,1.0,1.34,3.945,0.0,0.0,unknown,1.0,1.0,0,0,0.0,0,0,0,1.0
2198,2025,20,2025-07-24 09:30:00,Hawthorn,Carlton,M.C.G.,85.0,61.0,1.0,10,3,False,1587.34,1448.96,138.38,0.6667,0.8,0.6,82.6,72.8,0.0667,0.3333,0.2,0.4,72.1,85.4,-0.0667,0.75,5.25,4,5.0,4.0,0,0,0.0,0.0,0.0,0,0.49,0.3956,0.0944,1.242,5.133,0.8052,0.1948,1.0,1.242,5.133,0.0,0.0,unknown,1.0,1.0,0,0,0.0,0,0,0,1.0
2199,2025,20,2025-07-25 09:20:00,Essendon,Western Bulldogs,Docklands,50.0,143.0,0.0,5,18,False,1413.25,1551.71,-138.46,0.0,0.0,0.2,61.6,93.6,-0.2,0.3333,0.6,0.5,107.5,84.2,-0.1667,0.0,-62.8,5,7.0,6.0,0,0,0.0,0.0,0.0,0,0.527,0.6697,-0.1427,13.947,1.077,0.0717,0.9283,1.0,13.947,1.077,0.0,0.0,unknown,1.0,1.0,0,0,0.0,0,0,0,1.0
2200,2025,20,2025-07-25 09:50:00,Greater Western Sydney,Sydney,Sydney Showground,102.0,58.0,1.0,9,16,False,1596.98,1560.97,36.0,1.0,1.0,0.8,94.5,80.9,0.2,1.0,0.8,0.6,77.7,81.1,0.4,0.2,-16.4,9,8.0,6.0,0,0,0.0,0.0,0.0,0,0.6875,0.7143,-0.0268,1.471,3.124,0.6799,0.3201,1.0,1.471,3.124,0.0,0.0,unknown,1.0,1.0,0,0,0.0,0,0,0,1.0
2201,2025,20,2025-07-26 03:20:00,Gold Coast,Brisbane Lions,Carrara,130.0,64.0,1.0,8,2,False,1542.91,1666.09,-123.19,0.6667,0.6,0.6,82.4,82.4,0.0667,1.0,0.8,0.6,90.2,76.2,0.4,0.2,-32.2,9,5.0,7.0,0,0,0.0,0.0,0.0,0,0.4167,0.6,-0.1833,2.618,1.618,0.3819,0.6181,1.0,2.618,1.618,0.0,0.0,unknown,1.0,1.0,0,0,0.0,0,0,0,1.0
2202,2025,20,2025-07-26 06:15:00,Fremantle,West Coast,Perth Stadium,126.0,77.0,1.0,6,17,False,1588.64,1221.66,366.97,0.6667,0.8,0.8,85.0,70.8,-0.1333,0.0,0.0,0.1,65.4,94.4,-0.1,0.8,17.0,10,6.0,6.0,0,0,0.0,0.0,0.0,0,0.5974,0.425,0.1724,1.059,17.986,0.9444,0.0556,1.0,1.059,17.986,0.0,0.0,unknown,1.0,1.0,0,0,0.0,0,0,0,1.0
2203,2025,20,2025-07-26 09:35:00,North Melbourne,Geelong,Docklands,49.0,150.0,0.0,12,7,False,1313.12,1600.39,-287.27,0.0,0.2,0.3,71.1,93.8,-0.3,0.6667,0.6,0.7,104.4,76.0,-0.0333,0.2,-20.6,5,7.0,6.0,0,0,0.0,0.0,0.0,0,0.303,0.5714,-0.2684,11.377,1.096,0.0879,0.9121,1.0,11.377,1.096,0.0,0.0,unknown,1.0,1.0,0,0,0.0,0,0,0,1.0
2204,2025,20,2025-07-26 10:10:00,Adelaide,Port Adelaide,Adelaide Oval,133.0,35.0,1.0,1,13,False,1582.05,1507.35,74.7,1.0,0.8,0.8,95.6,65.0,0.2,0.3333,0.4,0.4,72.3,82.1,-0.0667,0.6,4.0,9,6.0,7.0,0,0,0.0,0.0,0.0,0,0.5954,0.6119,-0.0165,1.195,6.124,0.8367,0.1633,1.0,1.195,6.124,0.0,0.0,unknown,1.0,1.0,0,0,0.0,0,0,0,1.0
2205,2025,20,2025-07-27 04:10:00,Richmond,Collingwood,M.C.G.,57.0,93.0,0.0,14,4,False,1331.05,1650.68,-319.63,0.6667,0.4,0.3,63.9,87.2,0.3667,0.3333,0.6,0.8,91.4,68.1,-0.4667,0.4,-8.8,8,7.0,6.0,0,0,0.0,0.0,0.0,0,0.5971,0.5743,0.0228,13.87,1.078,0.0721,0.9279,1.0,13.87,1.078,0.0,0.0,unknown,1.0,1.0,0,0,0.0,0,0,0,1.0
2206,2025,20,2025-07-27 05:15:00,St Kilda,Melbourne,Docklands,96.0,90.0,1.0,15,11,False,1406.98,1429.85,-22.87,0.0,0.0,0.1,74.0,94.8,-0.1,0.3333,0.2,0.3,83.9,86.8,0.0333,0.2,-17.8,7,7.0,7.0,0,0,0.0,0.0,0.0,0,0.4786,0.619,-0.1404,2.075,1.931,0.482,0.518,1.0,2.075,1.931,0.0,0.0,unknown,1.0,1.0,0,0,0.0,0,0,0,1.0
2207,2025,21,2025-07-31 09:30:00,Western Bulldogs,Greater Western Sydney,Docklands,132.0,44.0,1.0,18,9,False,1563.72,1609.1,-45.37,0.3333,0.6,0.6,112.2,78.6,-0.2667,1.0,1.0,0.8,94.2,76.6,0.2,0.6,2.6,6,6.0,5.0,0,0,0.0,0.0,0.0,0,0.6727,0.5,0.1727,1.399,3.504,0.7146,0.2854,1.0,1.399,3.504,0.0,0.0,unknown,1.0,1.0,0,0,0.0,0,0,0,1.0
2208,2025,21,2025-08-01 09:40:00,Adelaide,Hawthorn,Adelaide Oval,101.0,87.0,1.0,1,10,False,1592.55,1595.43,-2.88,1.0,1.0,0.8,100.0,60.1,0.2,0.6667,0.8,0.6,82.0,73.3,0.0667,0.2,-24.4,5,5.0,8.0,0,1,0.0,730.0,730.0,0,0.5985,0.3889,0.2096,1.534,2.871,0.6517,0.3483,1.0,1.534,2.871,0.0,0.0,unknown,1.0,1.0,0,0,0.0,0,0,0,1.0
2209,2025,21,2025-08-02 03:20:00,Melbourne,West Coast,Docklands,139.0,56.0,1.0,11,17,False,1415.09,1219.0,196.09,0.3333,0.2,0.3,87.3,87.3,0.0333,0.0,0.0,0.1,65.2,98.9,-0.1,0.3333,-4.33,3,5.0,6.0,0,1,0.0,2720.0,2720.0,1,0.5909,0.32,0.2709,1.066,16.051,0.9377,0.0623,1.0,1.066,16.051,0.0,0.0,unknown,1.0,1.0,0,0,0.0,0,0,0,1.0
2210,2025,21,2025-08-02 06:10:00,Gold Coast,Richmond,Carrara,107.0,23.0,1.0,8,14,False,1562.23,1325.46,236.77,0.6667,0.8,0.6,84.8,79.2,0.0667,0.6667,0.4,0.2,61.5,88.6,0.4667,0.4,-37.4,5,7.0,6.0,0,1,0.0,1730.0,1730.0,0,0.4227,0.9167,-0.494,1.041,25.381,0.9606,0.0394,1.0,1.041,25.381,0.0,0.0,unknown,1.0,1.0,0,0,0.0,0,0,0,1.0
2211,2025,21,2025-08-02 06:15:00,Sydney,Essendon,S.C.G.,68.0,54.0,1.0,16,5,False,1548.85,1401.24,147.61,0.6667,0.6,0.6,77.2,84.2,0.0667,0.0,0.0,0.1,59.5,101.6,-0.1,0.8,18.0,9,7.0,7.0,0,1,0.0,870.0,870.0,0,0.6364,0.125,0.5114,1.099,11.086,0.9098,0.0902,1.0,1.099,11.086,0.0,0.0,unknown,1.0,1.0,0,0,0.0,0,0,0,1.0
2212,2025,21,2025-08-02 09:35:00,Collingwood,Brisbane Lions,M.C.G.,65.0,92.0,0.0,4,2,False,1656.27,1646.77,9.5,0.3333,0.6,0.8,91.0,65.5,-0.4667,0.6667,0.8,0.6,89.5,82.1,0.0667,0.6,2.2,6,6.0,7.0,0,1,0.0,1730.0,1730.0,0,0.5772,0.2727,0.3045,1.541,2.849,0.649,0.351,1.0,1.541,2.849,0.0,0.0,unknown,1.0,1.0,0,0,0.0,0,0,0,1.0
2213,2025,21,2025-08-03 03:40:00,St Kilda,North Melbourne,Docklands,78.0,69.0,1.0,15,12,False,1421.73,1306.62,115.11,0.3333,0.2,0.2,77.4,96.1,0.1333,0.0,0.0,0.3,68.9,101.7,-0.3,0.8,19.2,7,6.0,7.0,0,0,0.0,0.0,0.0,0,0.4831,0.3,0.1831,1.282,4.543,0.7799,0.2201,1.0,1.282,4.543,0.0,0.0,unknown,1.0,1.0,0,0,0.0,0,0,0,1.0
2214,2025,21,2025-08-03 05:15:00,Geelong,Port Adelaide,Kardinia Park,153.0,65.0,1.0,7,13,False,1606.9,1496.86,110.04,0.6667,0.6,0.8,109.3,70.4,-0.1333,0.3333,0.4,0.4,67.4,86.5,-0.0667,0.8,20.6,5,7.0,7.0,0,1,0.0,730.0,730.0,0,0.7812,,,1.038,27.1,0.9631,0.0369,1.0,1.038,27.1,0.0,0.0,unknown,1.0,1.0,0,0,0.0,0,0,0,1.0
2215,2025,21,2025-08-03 07:10:00,Fremantle,Carlton,Perth Stadium,94.0,67.0,1.0,6,3,False,1591.3,1440.87,150.43,1.0,0.8,0.9,89.3,68.8,0.1,0.3333,0.2,0.3,70.5,87.7,0.0333,0.2,-9.6,10,8.0,9.0,0,1,0.0,2720.0,2720.0,0,0.6026,0.7,-0.0974,1.108,10.246,0.9024,0.0976,1.0,1.108,10.246,0.0,0.0,unknown,1.0,1.0,0,0,0.0,0,0,0,1.0
2216,2025,22,2025-08-07 09:30:00,Hawthorn,Collingwood,M.C.G.,110.0,46.0,1.0,10,4,False,1581.58,1637.56,-55.97,0.6667,0.6,0.6,81.1,73.0,0.0667,0.3333,0.4,0.7,89.7,67.9,-0.3667,0.8,23.4,8,5.0,4.0,0,0,0.0,0.0,0.0,0,0.495,0.5733,-0.0783,2.348,1.742,0.4259,0.5741,1.0,2.348,1.742,0.0,0.0,unknown,1.0,1.0,0,0,0.0,0,0,0,1.0
2217,2025,22,2025-08-08 09:40:00,Geelong,Essendon,Kardinia Park,109.0,65.0,1.0,7,5,False,1616.01,1393.47,222.53,1.0,0.8,0.8,113.1,73.0,0.2,0.0,0.0,0.1,61.3,95.7,-0.1,1.0,59.0,7,5.0,6.0,0,0,0.0,0.0,0.0,0,0.7846,,,1.022,46.296,0.9784,0.0216,1.0,1.022,46.296,0.0,0.0,unknown,1.0,1.0,0,0,0.0,0,0,0,1.0
2218,2025,22,2025-08-09 03:20:00,Richmond,St Kilda,M.C.G.,52.0,56.0,0.0,14,15,False,1320.31,1430.65,-110.35,0.3333,0.4,0.2,56.4,91.5,0.1333,0.6667,0.4,0.3,77.2,92.2,0.3667,0.4,-8.8,8,6.0,5.0,0,0,0.0,0.0,0.0,0,0.5929,0.4783,0.1146,3.556,1.391,0.2812,0.7188,1.0,3.556,1.391,0.0,0.0,unknown,1.0,1.0,0,0,0.0,0,0,0,1.0
2219,2025,22,2025-08-09 06:15:00,Brisbane Lions,Sydney,Gabba,90.0,92.0,0.0,2,16,False,1665.49,1556.62,108.86,0.6667,0.8,0.7,89.9,78.7,-0.0333,0.6667,0.8,0.6,76.2,83.4,0.0667,0.6,-1.8,7,6.0,7.0,0,1,0.0,980.0,980.0,0,0.6129,0.4,0.2129,1.279,4.581,0.7817,0.2183,1.0,1.279,4.581,0.0,0.0,unknown,1.0,1.0,0,0,0.0,0,0,0,1.0
2220,2025,22,2025-08-09 09:35:00,Carlton,Gold Coast,Docklands,74.0,93.0,0.0,3,8,False,1433.2,1567.38,-134.18,0.3333,0.2,0.3,71.0,89.3,0.0333,0.6667,0.8,0.6,85.1,71.9,0.0667,0.6,11.8,7,6.0,7.0,0,1,0.0,1730.0,1730.0,0,0.3692,0.3462,0.023,4.307,1.302,0.2322,0.7678,1.0,4.307,1.302,0.0,0.0,unknown,1.0,1.0,0,0,0.0,0,0,0,1.0
2221,2025,22,2025-08-09 10:10:00,Port Adelaide,Fremantle,Adelaide Oval,86.0,92.0,0.0,13,6,False,1487.75,1598.97,-111.22,0.0,0.2,0.4,70.0,90.3,-0.4,1.0,0.8,0.9,89.2,69.4,0.1,1.0,46.2,6,6.0,6.0,0,1,0.0,2130.0,2130.0,0,0.6074,0.2143,0.3931,3.716,1.368,0.2691,0.7309,1.0,3.716,1.368,0.0,0.0,unknown,1.0,1.0,0,0,0.0,0,0,0,1.0
2222,2025,22,2025-08-10 03:40:00,Greater Western Sydney,North Melbourne,Manuka Oval,133.0,79.0,1.0,9,12,False,1593.31,1297.7,295.61,0.6667,0.8,0.8,92.5,80.3,-0.1333,0.0,0.0,0.2,68.0,102.1,-0.2,0.3333,-12.33,3,9.0,7.0,0,1,0.0,650.0,650.0,1,0.4,,,1.076,14.144,0.9293,0.0707,1.0,1.076,14.144,0.0,0.0,unknown,1.0,1.0,0,0,0.0,0,0,0,1.0
2223,2025,22,2025-08-10 05:15:00,Melbourne,Western Bulldogs,M.C.G.,99.0,105.0,0.0,11,18,False,1422.91,1579.51,-156.6,0.3333,0.4,0.3,91.3,84.1,0.0333,0.6667,0.6,0.6,112.7,79.4,0.0667,0.8,35.0,8,8.0,9.0,0,0,0.0,0.0,0.0,0,0.5276,0.5,0.0276,3.908,1.344,0.2559,0.7441,1.0,3.908,1.344,0.0,0.0,unknown,1.0,1.0,0,0,0.0,0,0,0,1.0
2224,2025,22,2025-08-10 07:10:00,West Coast,Adelaide,Perth Stadium,78.0,87.0,0.0,17,1,False,1211.18,1606.39,-395.21,0.0,0.0,0.0,60.0,104.8,0.0,1.0,1.0,0.9,103.3,61.0,0.1,0.6,2.4,8,8.0,8.0,0,1,0.0,2130.0,2130.0,0,0.4198,0.3333,0.0865,18.692,1.057,0.0535,0.9465,1.0,18.692,1.057,0.0,0.0,unknown,1.0,1.0,0,0,0.0,0,0,0,1.0
2225,2025,23,2025-08-15 09:20:00,Essendon,St Kilda,Docklands,75.0,77.0,0.0,5,15,False,1387.96,1443.9,-55.94,0.0,0.0,0.0,59.7,100.8,0.0,1.0,0.6,0.4,76.7,89.4,0.6,0.6,20.0,6,6.0,6.0,0,0,0.0,0.0,0.0,0,0.52,0.4874,0.0326,5.365,1.229,0.1864,0.8136,1.0,5.365,1.229,0.0,0.0,unknown,1.0,1.0,0,0,0.0,0,0,0,1.0
2226,2025,23,2025-08-15 10:20:00,Fremantle,Brisbane Lions,Perth Stadium,44.0,101.0,0.0,6,2,False,1612.18,1642.64,-30.46,1.0,1.0,0.9,88.4,72.9,0.1,0.3333,0.6,0.6,89.6,81.9,-0.2667,0.6,-5.8,7,6.0,6.0,0,1,0.0,4390.0,4390.0,0,0.6076,0.5,0.1076,1.748,2.338,0.5722,0.4278,1.0,1.748,2.338,0.0,0.0,unknown,1.0,1.0,0,0,0.0,0,0,0,1.0
2227,2025,23,2025-08-16 02:35:00,Gold Coast,Greater Western Sydney,Carrara,76.0,111.0,0.0,8,9,False,1579.58,1598.24,-18.67,1.0,0.8,0.6,86.4,73.2,0.4,0.6667,0.8,0.8,94.8,80.0,-0.1333,0.0,-29.8,5,6.0,5.0,0,0,0.0,0.0,0.0,0,0.4286,0.7778,-0.3492,1.424,3.358,0.7022,0.2978,1.0,1.424,3.358,0.0,0.0,unknown,1.0,1.0,0,0,0.0,0,0,0,1.0
2228,2025,23,2025-08-16 03:20:00,Carlton,Port Adelaide,Docklands,118.0,64.0,1.0,3,13,False,1421.0,1474.54,-53.54,0.0,0.2,0.3,70.2,87.6,-0.3,0.0,0.2,0.4,73.5,89.5,-0.4,0.4,1.6,8,6.0,6.0,0,1,0.0,730.0,730.0,0,0.3636,0.7273,-0.3637,1.474,3.108,0.6782,0.3218,1.0,1.474,3.108,0.0,0.0,unknown,1.0,1.0,0,0,0.0,0,0,0,1.0
2229,2025,23,2025-08-16 06:15:00,Hawthorn,Melbourne,M.C.G.,92.0,56.0,1.0,10,11,False,1597.86,1411.67,186.19,0.6667,0.6,0.7,86.1,68.3,-0.0333,0.3333,0.4,0.2,88.1,86.8,0.1333,0.0,-47.0,8,8.0,6.0,0,0,0.0,0.0,0.0,0,0.5,0.5234,-0.0234,1.335,3.986,0.7491,0.2509,1.0,1.335,3.986,0.0,0.0,unknown,1.0,1.0,0,0,0.0,0,0,0,1.0
2230,2025,23,2025-08-16 09:35:00,Adelaide,Collingwood,Adelaide Oval,59.0,56.0,1.0,1,4,False,1610.25,1621.28,-11.04,1.0,1.0,0.9,99.2,62.6,0.1,0.3333,0.2,0.6,83.5,72.6,-0.2667,0.0,-20.2,7,6.0,9.0,0,1,0.0,730.0,730.0,0,0.6015,0.7692,-0.1677,1.515,2.942,0.6601,0.3399,1.0,1.515,2.942,0.0,0.0,unknown,1.0,1.0,0,0,0.0,0,0,0,1.0
2231,2025,23,2025-08-17 03:10:00,North Melbourne,Richmond,Bellerive Oval,135.0,87.0,1.0,12,14,False,1292.76,1307.06,-14.3,0.0,0.0,0.2,69.6,104.6,-0.2,0.0,0.4,0.2,55.8,89.0,-0.2,0.6,1.8,7,6.0,7.0,1,1,310.0,310.0,0.0,1,0.4118,,,1.739,2.354,0.5752,0.4248,1.0,1.739,2.354,0.0,0.0,unknown,1.0,1.0,0,0,0.0,0,0,0,1.0
2232,2025,23,2025-08-17 05:15:00,Sydney,Geelong,S.C.G.,68.0,111.0,0.0,16,7,False,1579.47,1621.52,-42.06,0.6667,0.8,0.7,77.6,79.3,-0.0333,1.0,0.8,0.8,111.3,68.2,0.2,0.6,11.2,8,7.0,8.0,0,1,0.0,870.0,870.0,0,0.6396,0.4286,0.211,3.492,1.401,0.2864,0.7136,1.0,3.492,1.401,0.0,0.0,unknown,1.0,1.0,0,0,0.0,0,0,0,1.0
2233,2025,23,2025-08-17 06:40:00,Western Bulldogs,West Coast,Docklands,126.0,32.0,1.0,18,17,False,1590.75,1207.33,383.42,1.0,0.6,0.7,111.9,76.6,0.3,0.0,0.0,0.0,61.6,100.7,0.0,0.6,5.4,8,7.0,6.0,0,1,0.0,2720.0,2720.0,0,0.6757,0.3077,0.368,1.023,44.444,0.9775,0.0225,1.0,1.023,44.444,0.0,0.0,unknown,1.0,1.0,0,0,0.0,0,0,0,1.0
2234,2025,24,2025-08-21 09:30:00,Essendon,Carlton,M.C.G.,56.0,90.0,0.0,5,3,False,1372.23,1437.17,-64.93,0.0,0.0,0.0,60.0,99.5,0.0,0.3333,0.4,0.3,74.2,87.0,0.0333,0.2,-5.6,7,6.0,5.0,0,0,0.0,0.0,0.0,1,0.3684,0.3913,-0.0229,3.846,1.351,0.26,0.74,1.0,3.846,1.351,0.0,0.0,unknown,1.0,1.0,0,0,0.0,0,0,0,1.0
2235,2025,24,2025-08-22 09:10:00,Collingwood,Melbourne,M.C.G.,82.0,76.0,1.0,4,11,False,1607.07,1405.14,201.93,0.0,0.2,0.5,78.4,72.9,-0.5,0.3333,0.2,0.2,87.4,86.9,0.1333,1.0,25.6,7,5.0,6.0,0,0,0.0,0.0,0.0,0,0.5695,0.5194,0.0501,1.294,4.398,0.7726,0.2274,1.0,1.294,4.398,0.0,0.0,unknown,1.0,1.0,0,0,0.0,0,0,0,1.0
2236,2025,24,2025-08-22 10:10:00,Port Adelaide,Gold Coast,Adelaide Oval,71.0,67.0,1.0,13,8,False,1458.38,1562.14,-103.76,0.0,0.0,0.3,73.3,96.3,-0.3,0.6667,0.6,0.6,87.6,76.8,0.0667,1.0,47.0,4,6.0,6.0,0,1,0.0,1600.0,1600.0,0,0.6029,0.0,0.6029,4.034,1.33,0.2479,0.7521,1.0,4.034,1.33,0.0,0.0,unknown,1.0,1.0,0,0,0.0,0,0,0,1.0
2237,2025,24,2025-08-23 03:20:00,North Melbourne,Adelaide,Docklands,100.0,113.0,0.0,12,1,False,1309.42,1624.46,-315.04,0.3333,0.2,0.2,76.9,108.1,0.1333,1.0,1.0,0.9,92.0,64.1,0.1,0.4,-14.8,7,6.0,6.0,0,1,0.0,730.0,730.0,0,0.297,0.5238,-0.2268,5.787,1.209,0.1728,0.8272,1.0,5.787,1.209,0.0,0.0,unknown,1.0,1.0,0,0,0.0,0,0,0,1.0
2238,2025,24,2025-08-23 06:15:00,Richmond,Geelong,M.C.G.,64.0,103.0,0.0,14,7,False,1290.4,1637.89,-347.49,0.0,0.2,0.2,56.8,94.5,-0.2,1.0,1.0,0.8,110.8,67.7,0.2,0.6,-11.2,8,6.0,6.0,0,0,0.0,0.0,0.0,0,0.5887,0.5909,-0.0022,20.367,1.052,0.0491,0.9509,1.0,20.367,1.052,0.0,0.0,unknown,1.0,1.0,0,0,0.0,0,0,0,1.0
2239,2025,24,2025-08-23 09:35:00,West Coast,Sydney,Perth Stadium,51.0,118.0,0.0,17,16,False,1204.89,1563.1,-358.22,0.0,0.0,0.0,57.5,101.7,0.0,0.6667,0.6,0.7,80.3,77.3,-0.0333,0.4,-11.6,6,6.0,6.0,0,1,0.0,3940.0,3940.0,0,0.4146,0.6667,-0.2521,6.321,1.188,0.1582,0.8418,1.0,6.321,1.188,0.0,0.0,unknown,1.0,1.0,0,0,0.0,0,0,0,1.0
2240,2025,24,2025-08-24 02:20:00,Greater Western Sydney,St Kilda,Sydney Showground,104.0,93.0,1.0,9,15,False,1615.68,1459.63,156.06,0.6667,0.8,0.8,97.9,79.9,-0.1333,1.0,0.8,0.4,75.3,90.6,0.6,0.4,1.6,7,7.0,8.0,0,1,0.0,870.0,870.0,0,0.6914,,,1.197,6.075,0.8354,0.1646,1.0,1.197,6.075,0.0,0.0,unknown,1.0,1.0,0,0,0.0,0,0,0,1.0
2241,2025,24,2025-08-24 05:15:00,Western Bulldogs,Fremantle,Docklands,97.0,112.0,0.0,18,6,False,1593.19,1595.28,-2.1,1.0,0.8,0.8,118.6,71.7,0.2,0.6667,0.8,0.8,85.3,76.6,-0.1333,0.8,38.2,6,6.0,8.0,0,1,0.0,2720.0,2720.0,0,0.6786,0.4,0.2786,1.368,3.72,0.7312,0.2688,1.0,1.368,3.72,0.0,0.0,unknown,1.0,1.0,0,0,0.0,0,0,0,1.0
2242,2025,24,2025-08-24 09:20:00,Brisbane Lions,Hawthorn,Gabba,89.0,79.0,1.0,2,10,False,1659.54,1604.4,55.14,0.6667,0.6,0.6,90.7,79.1,0.0667,0.6667,0.8,0.8,89.7,63.2,-0.1333,0.6667,9.0,3,8.0,8.0,0,1,0.0,1730.0,1730.0,0,0.608,,,1.741,2.35,0.5745,0.4255,1.0,1.741,2.35,0.0,0.0,unknown,1.0,1.0,0,0,0.0,0,0,0,1.0
2243,2025,24,2025-08-27 09:20:00,Gold Coast,Essendon,Carrara,153.0,58.0,1.0,8,5,False,1543.68,1359.19,184.49,0.3333,0.6,0.6,90.6,77.8,-0.2667,0.0,0.0,0.0,58.6,100.7,0.0,0.2,-22.2,8,4.0,5.0,0,1,0.0,1730.0,1730.0,0,0.4242,0.3571,0.0671,1.061,17.513,0.9429,0.0571,1.0,1.061,17.513,0.0,0.0,unknown,1.0,1.0,0,0,0.0,0,0,0,1.0
2244,2025,25,2025-09-04 09:40:00,Adelaide,Collingwood,Adelaide Oval,55.0,79.0,0.0,1,4,True,1630.18,1613.15,17.03,1.0,1.0,0.9,96.5,67.8,0.1,0.3333,0.4,0.5,79.4,73.4,-0.1667,0.2,-6.4,8,12.0,13.0,0,1,0.0,730.0,730.0,0,0.6045,0.7143,-0.1098,1.749,2.335,0.5718,0.4282,1.0,1.749,2.335,0.0,0.0,unknown,1.0,1.0,0,0,0.0,0,0,0,1.0
2245,2025,25,2025-09-05 09:40:00,Geelong,Brisbane Lions,M.C.G.,112.0,74.0,1.0,7,2,True,1642.78,1670.84,-28.06,1.0,1.0,0.8,115.0,70.4,0.2,0.6667,0.6,0.7,93.3,80.2,-0.0333,0.6,6.2,9,13.0,12.0,0,1,0.0,1730.0,1730.0,1,0.597,0.3043,0.2927,1.749,2.335,0.5718,0.4282,1.0,1.749,2.335,0.0,0.0,unknown,1.0,1.0,0,0,0.0,0,0,0,1.0
2246,2025,25,2025-09-06 05:15:00,Greater Western Sydney,Hawthorn,Sydney Showground,88.0,107.0,0.0,9,10,True,1623.17,1593.1,30.07,1.0,0.8,0.9,103.3,82.6,0.1,0.6667,0.6,0.7,89.5,66.2,-0.0333,0.8,4.2,10,13.0,12.0,0,1,0.0,870.0,870.0,0,0.6951,0.0,0.6951,1.84,2.191,0.5436,0.4564,1.0,1.84,2.191,0.0,0.0,unknown,1.0,1.0,0,0,0.0,0,0,0,1.0
2247,2025,25,2025-09-06 09:35:00,Fremantle,Gold Coast,Perth Stadium,79.0,80.0,0.0,6,8,True,1613.48,1550.27,63.21,0.6667,0.8,0.8,89.2,79.6,-0.1333,0.3333,0.6,0.7,96.0,73.0,-0.3667,0.8,10.8,5,13.0,10.0,0,1,0.0,4390.0,4390.0,0,0.6,0.375,0.225,1.687,2.455,0.5926,0.4074,1.0,1.687,2.455,0.0,0.0,unknown,1.0,1.0,0,0,0.0,0,0,0,1.0
2248,2025,26,2025-09-12 09:40:00,Adelaide,Hawthorn,Adelaide Oval,67.0,101.0,0.0,1,10,True,1611.13,1612.72,-1.59,0.6667,0.8,0.9,97.6,71.0,-0.2333,0.6667,0.6,0.7,95.5,70.6,-0.0333,0.4,-15.8,6,8.0,6.0,0,1,0.0,730.0,730.0,0,0.6,0.3684,0.2316,1.779,2.283,0.562,0.438,1.0,1.779,2.283,0.0,0.0,unknown,1.0,1.0,0,0,0.0,0,0,0,1.0
2249,2025,26,2025-09-13 09:35:00,Brisbane Lions,Gold Coast,Gabba,100.0,47.0,1.0,2,8,True,1653.55,1571.31,82.24,0.6667,0.6,0.7,91.1,80.7,-0.0333,0.6667,0.6,0.7,93.6,72.4,-0.0333,1.0,32.0,11,7.0,7.0,0,0,0.0,0.0,0.0,0,0.6111,0.1429,0.4682,1.604,2.655,0.6233,0.3767,1.0,1.604,2.655,0.0,0.0,unknown,1.0,1.0,0,0,0.0,0,0,0,1.0
2250,2025,27,2025-09-19 09:40:00,Geelong,Hawthorn,M.C.G.,115.0,85.0,1.0,7,10,True,1660.07,1630.94,29.14,1.0,1.0,0.8,111.1,72.2,0.2,0.6667,0.8,0.7,90.6,70.8,-0.0333,1.0,41.2,11,14.0,7.0,0,0,0.0,0.0,0.0,1,0.6029,0.5049,0.098,1.585,2.711,0.6311,0.3689,1.0,1.585,2.711,0.0,0.0,unknown,1.0,1.0,0,0,0.0,0,0,0,1.0
2251,2025,27,2025-09-20 07:15:00,Collingwood,Brisbane Lions,M.C.G.,71.0,100.0,0.0,4,2,True,1632.2,1663.74,-31.54,0.6667,0.4,0.5,76.5,71.5,0.1667,0.6667,0.6,0.7,91.9,80.3,-0.0333,0.4,-9.4,7,15.0,6.0,0,1,0.0,1730.0,1730.0,0,0.5724,0.2917,0.2807,1.706,2.417,0.5863,0.4137,1.0,1.706,2.417,0.0,0.0,unknown,1.0,1.0,0,0,0.0,0,0,0,1.0
2252,2025,28,2025-09-27 04:30:00,Geelong,Brisbane Lions,M.C.G.,75.0,122.0,0.0,7,2,True,1674.73,1680.59,-5.86,1.0,1.0,0.9,117.5,71.5,0.1,0.6667,0.8,0.7,89.9,78.2,-0.0333,0.6,13.6,10,7.0,6.0,0,1,0.0,1730.0,1730.0,1,0.6087,0.32,0.2887,1.572,2.747,0.636,0.364,1.0,1.572,2.747,0.0,0.0,unknown,1.0,1.0,0,0,0.0,0,0,0,1.0
